symbol,effective_date,split_ratio,current_float_m,status
EOSE,,,310.42,Vote Approved
COSM,,,28.47,Vote Approved
NXL,,,16.19,Vote Approved
AUUD,,,3.09,Vote Approved
BURU,,,433.24,Vote Approved
BFRI,,,11.23,Vote Approved
BYND,,,450.01,Vote Approved
VIVK,,,151.79,Vote Approved
YIBO,,26 to 8000,18.62,Vote Approved
VSME,,20,48.13,Vote Approved
SFHG,,5,5.82,Vote Approved
NA,,10,21.20,Vote Approved
BCAB,,5 to 20,56.30,Vote Approved
JTAI,,2 to 50,4.19,Vote Approved
SKK,,2 to 50,7.90,Vote Approved
RVPH,,2 to 20,110.53,Vote Approved
DCX,,2 to 3000,10.92,Vote Approved
PEV,,2 to 10,9.26,Vote Approved
PTHL,,2 to 4000,13.65,Vote Approved
KIDZ,,2 to 50,14.05,Vote Approved
STEC,,2 to 20,8.08,Vote Approved
CERO,,40 to 150,21.07,Vote Approved
ALUR,,1.5 to 20,6.95,Vote Approved
FRGT,,5,5.90,Vote Approved
MTEN,,2 to 4000,2.29,Vote Approved
XWEL,,2 to 20,5.22,Vote Approved
WRAP,,2 to 10,34.42,Vote Approved
CCTG,,5 to 10,14.64,Vote Approved
ZDAI,,2 to 1000,8.31,Vote Approved
BTAI,,2 to 20,21.33,Vote Approved
NVNO,,5 to 35,20.08,Vote Approved
ENVB,,5 to 15,1.00,Vote Approved
HAO,,2 to 150,1.86,Vote Approved
UCAR,,10 to 20,6.39,Vote Approved
TNMG,,2 to 100,31.13,Vote Approved
PAVS,,2 to 5000,66.72,Vote Approved
OCG,,2 to 4000,19.82,Vote Approved
AKAN,,2 to 100,0.73,Vote Approved
HKIT,,40 to 5000,20.68,Vote Approved
CDTG,,25,3.42,Vote Approved
GOVX,,10 to 25,29.61,Vote Approved
BANL,,2 to 20,6.25,Vote Approved
RIME,,2 to 10,2.70,Vote Approved
EVFM,,500 to 1500,62.05,Vote Approved
AURE,,2 to 100,33.24,Vote Approved
CHSN,,2 to 100,1.37,Vote Approved
QCLS,,2 to 250,4.15,Vote Approved
SCNX,,2 to 50,33.79,Vote Approved
CTNT,,5 to 20,1.99,Vote Approved
SHFS,,2 to 12,1.78,Vote Approved
UBXG,,2 to 250,23.04,Vote Approved
ASBP,,5 to 40,24.17,Vote Approved
SKYQ,,2 to 25,18.30,Vote Approved
ISPC,,10 to 100,9.77,Vote Approved
AMIX,,2 to 25,6.53,Vote Approved
TLPH,,10 to 30,37.89,Vote Approved
SILO,,2 to 20,13.13,Vote Approved
BFRG,,2 to 15,8.97,Vote Approved
INTS,,5 to 30,57.95,Vote Approved
CMCT,,4 to 10,2.51,Vote Approved
NBY,,2 to 10,6.01,Vote Approved
PALI,,5 to 50,180.54,Vote Approved
ELBM,,3.5,17.77,Vote Approved
CGC,,5 to 15,315.18,Vote Approved
PN,,10 to 100,10.35,Vote Approved
SXTP,,3 to 10,4.17,Vote Approved
AIRE,,7 to 25,94.15,Vote Approved
BYAH,,5 to 250,12.32,Vote Approved
VRME,,2 to 10,10.60,Vote Approved
EDHL,,5 to 50,8.50,Vote Approved
SGD,,5 to 20,5.25,Vote Approved
TRNR,,4 to 100,2.39,Vote Approved
EDBL,,5 to 25,5.13,Vote Approved
GLBS,,2 to 20,15.37,Vote Approved
GSIW,,250,206.68,Vote Approved
FOXO,,10 to 500,526.45,Vote Approved
KTTA,,2 to 20,7.33,Vote Approved
POWW,,5 to 10,86.38,Vote Approved
WINT,,2 to 25,33.71,Vote Approved
INEO,,2 to 50,1.97,Vote Approved
SKBL,,2 to 10,9.42,Vote Approved
SLNH,,5 to 50,68.13,Vote Approved
CARM,,10 to 50,22.96,Vote Approved
EJH,,2 to 50,19.70,Vote Approved
NUWE,,5 to 70,1.66,Vote Approved
PRE,,2 to 15,10.31,Vote Approved
ADIL,,2 to 25,23.85,Vote Approved
COOT,,2 to 8,6.39,Vote Approved
SRXH,,15 to 85,16.48,Vote Approved
WCT,,5 to 50,28.47,Vote Approved
SOBR,,2 to 10,1.52,Vote Approved
XXII,,2 to 100,6.99,Vote Approved
BHAT,,20 to 50,4.89,Vote Approved
OVID,,10 to 40,63.36,Vote Approved
TCRT,,5 to 20,1.74,Vote Approved
PLUG,,5 to 200,1383.93,Vote Approved
OST,,25,4.96,Vote Approved
BITF,,10,466.07,Vote Approved
CGBS,,60 to 120,434.39,Vote Approved
EQS,,2 to 5,5.94,Vote Approved
AIEV,,2 to 200,11.41,Vote Approved
SRFM,,2 to 5,56.77,Vote Approved
PMEC,,6,6.76,Vote Approved
UONEK,,2 to 30,20.82,Vote Approved
MTNB,,2 to 199,6.27,Vote Approved
XELB,,2 to 5,3.36,Vote Approved
PET,,10 to 20,18.45,Vote Approved
PTLE,,10 to 80,26.24,Vote Approved
ABVE,,2 to 250,14.84,Vote Approved
SOWG,,3,5.87,Vote Approved
CRBU,,5 to 50,84.51,Vote Approved
APLT,,5 to 40,141.84,Vote Approved
ESGL,,3,21.53,Vote Approved
CNTX,,5 to 50,90.84,Vote Approved
CING,,2 to 25,6.75,Vote Approved
UP,,5 to 20,108.15,Vote Approved
SNES,,2 to 12,5.22,Vote Approved
AVX,,15 to 100,3.61,Vote Approved
VRCA,,10 to 30,5.02,Vote Approved
PRHI,,2 to 12,3.80,Vote Approved
LXRX,,10 to 50,179.93,Vote Approved
MPU,,2 to 20,61.74,Vote Approved
DSX,,2 to 100,107.47,Vote Approved
KLTO,,2 to 50,64.02,Vote Approved
NMRA,,5 to 30,129.72,Vote Approved
PTLE,,10 to 80,26.24,Vote Approved
APTO,,2 to 20,2.07,Vote Approved
CLNN,,20,8.20,Vote Approved
SVRN,,2 to 500,10.13,Vote Approved
CXAI,,5 to 10,28.16,Vote Approved
VXRT,,2 to 20,238.38,Vote Approved
TOI,,5 to 40,84.64,Vote Approved
TNXP,,2 to 250,11.78,Vote Approved
DUO,,16,3.90,Vote Approved
PSTV,,2 to 250,134.10,Vote Approved
MPU,,3 to 20,61.74,Vote Approved
GNLN,,3 to 22,1.39,Vote Approved
CNTM,,5 to 8,92.89,Vote Approved
RTC,,5 to 500,14.76,Vote Approved
SBIG,,5 to 100,30.87,Vote Approved
OCEA,,2 to 250,208.06,Vote Approved
QMMM,,5 to 20,47.45,Vote Approved
GRFX,,5,38.52,Vote Approved
HUBC,,5 to 20,22.36,Vote Approved
RDGT,,200,3.60,Vote Approved
BTOG,,2 to 200,88.61,Vote Approved
NKGN,,6,111.32,Vote Approved
NMTC,,2 to 15,48.63,Vote Approved
ATCH,,3,128.17,Vote Approved
STEX,,2 to 10,35.63,Vote Approved
WORX,,2 to 15,15.75,Vote Approved
NVOS,,10 to 30,18.41,Vote Approved
PTPI,,250 to 500,42.32,Vote Approved
TOMZ,,3 to 7,13.64,Vote Approved
BGXX,,5 to 50,92.90,Vote Approved
MWG,,2 to 50,29.75,Vote Approved
EEIQ,,2 to 30,9.98,Vote Approved
NRXP,,2 to 5,21.16,Vote Approved
HTCR,,2 to 10,9.76,Vote Approved
ONFO,,2 to 50,3.57,Vote Approved
UAMY,,5 to 30,137.29,Vote Approved
ATXG,,2 to 100,11.51,Vote Approved
CURI,,3 to 20,38.51,Vote Approved
QNCX,,10,47.75,Vote Approved
EQ,,2 to 20,26.17,Vote Approved
NMRD,,10 to 150,17.00,Vote Approved
ORGN,,5 to 30,141.77,Vote Approved
RCON,,18,9.03,Vote Approved
MSAI,,2 to 10,32.20,Vote Approved
SLNA,,2 to 30,314.35,Vote Approved
VWE,,5 to 25,23.19,Vote Approved
TOPS,,2 to 250,1.51,Vote Approved
BTTX,,10 to 25,35.86,Vote Approved
LEXX,,2 to 12,21.55,Vote Approved
TOMZ,,3,13.64,Vote Approved
ENTX,,5 to 11,44.84,Vote Approved
FEMY,,2 to 25,55.10,Vote Approved
NAVB,,20 to 50,67.83,Vote Approved
NIR,,2 to 20,13.84,Vote Approved
UNCY,,2 to 20,20.83,Vote Approved
TSHA,,5 to 20,269.16,Vote Approved
RGTI,,10,305.94,Vote Approved
APPH,,10 to 20,135.35,Vote Approved
AKU,,2 to 4,41.95,Vote Approved
VSTM,,10 o 30,75.29,Vote Approved
AVAH,,5 to 20,67.94,Vote Approved
AKBA,,5 to 20,244.90,Vote Approved
TIO,,2 to 12,236.32,Vote Approved
PMCB,,5 to 20,6.68,Vote Approved
RKLY,,15 to 25,111.93,Vote Approved
CANF,2026-01-05,20,21.55,Upcoming
MLEC,2026-01-05,15,7.76,Upcoming
ICU,2026-01-05,10,38.00,Upcoming
TRT,2026-01-02,0.5,6.34,Complete
RVYL,2026-01-02,35,0.91,Complete
CODX,2026-01-02,30,1.97,Complete
PAVM,2026-01-02,30,0.82,Complete
RPT,2025-12-31,6,6.13,Complete
BIYA,2025-12-30,25,0.85,Complete
ORIS,2025-12-30,20,0.94,Complete
ILAG,2025-12-30,10,1.14,Complete
XTKG,2025-12-30,6,16.21,Complete
ACET,2025-12-30,16,10.18,Complete
APVO,2025-12-30,18,0.94,Complete
WOK,2025-12-29,100,1.20,Complete
SCWO,2025-12-26,10,11.11,Complete
ECDA,2025-12-26,5,1.26,Complete
ASRT,2025-12-26,15,6.24,Complete
ELPW,2025-12-26,16,1.61,Complete
RBNE,2025-12-24,5,3.57,Complete
TNMG,2025-12-23,20,1.56,Complete
CHR,2025-12-23,50,5.38,Complete
BOXL,2025-12-23,6,0.92,Complete
PRPH,2025-12-22,10,5.98,Complete
INHD,2025-12-22,24,4.04,Complete
VSA,2025-12-22,50,1.10,Complete
MNTS,2025-12-18,17.85,1.68,Complete
PAVS,2025-12-18,100,3.49,Complete
DFLI,2025-12-18,10,12.27,Complete
PCSA,2025-12-17,25,2.25,Complete
INBS,2025-12-16,10,0.94,Complete
STAI,2025-12-16,20,2.49,Complete
XBP,2025-12-15,10,8.60,Complete
NVVE,2025-12-15,40,1.12,Complete
CMND,2025-12-15,40,1.50,Complete
BENF,2025-12-15,8,1.12,Complete
FRGT,2025-12-15,5,1.56,Complete
ARBK,2025-12-12,216,1.67,Complete
BNAI,2025-12-12,10,2.85,Complete
AZI,2025-12-12,50,2.17,Complete
JZXN,2025-12-11,40,2.08,Complete
BNKK,2025-12-11,35,5.15,Complete
SVRE,2025-12-10,3,0.73,Complete
WKHS,2025-12-08,12,2.17,Complete
MTVA,2025-12-05,11,0.55,Complete
TGL,2025-12-05,20,0.53,Complete
IMG,2025-12-05,20,2.42,Complete
STRO,2025-12-03,10,8.46,Complete
PURR,2025-12-03,5,154.77,Complete
SPHL,2025-12-02,8,0.41,Complete
TLRY,2025-12-02,10,112.24,Complete
RUBI,2025-12-02,30,1.99,Complete
XHLD,2025-12-02,15,2.05,Complete
KXIN,2025-12-01,30,0.95,Complete
NIVF,2025-12-01,5,1.32,Complete
MBRX,2025-12-01,25,2.03,Complete
WHLR,2025-12-01,25,0.69,Complete
PMN,2025-11-28,25,1.41,Complete
IVF,2025-11-28,8,1.89,Complete
PLRZ,2025-11-28,6,0.98,Complete
LGHL,2025-11-26,13,0.50,Complete
PHGE,2025-11-25,19,1.48,Complete
RJET,2025-11-25,15,2.20,Complete
MHUA,2025-11-24,100,0.16,Complete
WTO,2025-11-21,100,1.94,Complete
BLMZ,2025-11-21,10,3.33,Complete
EZGO,2025-11-21,25,0.71,Complete
MIGI,2025-11-21,20,0.97,Complete
JXG,2025-11-21,15,1.01,Complete
SMX,2025-11-18,8,1.05,Complete
ASNS,2025-11-18,10,1.73,Complete
EPWK,2025-11-17,40,3.39,Complete
NCEW,2025-11-14,8,0.54,Complete
YDKG,2025-11-14,100,1.77,Complete
YGMZ,2025-11-12,16,12.75,Complete
IOTR,2025-11-10,10,0.69,Complete
RAY,2025-11-07,16,2.13,Complete
IPST,2025-11-05,20,1.13,Complete
FLYE,2025-11-04,20,0.77,Complete
ABP,2025-11-03,30,1.74,Complete
CJET,2025-11-03,100,10.92,Complete
ADTX,2025-11-03,113,0.56,Complete
RETO,2025-11-03,7,1.24,Complete
NCEL,2025-10-31,10,3.29,Complete
REED,2025-10-31,6,4.23,Complete
NVA,2025-10-29,0.2,32.70,Complete
ENVB,2025-10-28,12,0.59,Complete
LGMK,2025-10-28,750,0.91,Complete
CYCU,2025-10-27,30,3.11,Complete
IPW,2025-10-27,30,0.42,Complete
GURE,2025-10-27,10,1.36,Complete
YYAI,2025-10-27,50,18.74,Complete
SONM,2025-10-27,18,0.84,Complete
SMX,2025-10-23,10.9,1.05,Complete
QTI,2025-10-23,3,10.11,Complete
WOK,2025-10-21,100,0.91,Complete
GNPX,2025-10-21,50,2.32,Complete
DHAI,2025-10-20,25,1.32,Complete
ETHZ,2025-10-20,10,19.23,Complete
SENS,2025-10-20,20,38.67,Complete
AEMD,2025-10-20,10,0.74,Complete
JYD,2025-10-13,50,2.47,Complete
LPSN,2025-10-13,20,10.97,Complete
LGCL,2025-10-13,40,1.22,Complete
PSIG,2025-10-13,8,0.81,Complete
CDT,2025-10-13,8,1.60,Complete
CLIK,2025-10-10,30,0.82,Complete
MOVE,2025-10-10,10,0.68,Complete
NCL,2025-10-08,8,22.14,Complete
CHAI,2025-10-07,4,3.10,Complete
GGR,2025-10-06,20,6.07,Complete
PMAX,2025-10-06,8,0.99,Complete
CETY,2025-10-06,15,3.43,Complete
NVNI,2025-10-06,10,7.54,Complete
AREB,2025-10-03,20,6.12,Complete
YHGJ,2025-10-01,10,1.00,Complete
LNAI,2025-09-30,10,15.64,Complete
RAYA,2025-09-30,220,0.85,Complete
POAI,2025-09-30,15,20.12,Complete
YAAS,2025-09-30,80,3.74,Complete
ORKT,2025-09-29,4,1.88,Complete
LESL,2025-09-29,20,6.91,Complete
CETX,2025-09-29,15,0.74,Complete
LYT,2025-09-26,2500,1.05,Complete
LVO,2025-09-26,10,9.67,Complete
IBG,2025-09-26,5,1.40,Complete
MNDR,2025-09-25,5,1.16,Complete
FTEL,2025-09-23,16,4.07,Complete
WHLR,2025-09-22,5,0.69,Complete
BINI,2025-09-22,250,12.48,Complete
NITO,2025-09-22,35,1.47,Complete
BIAF,2025-09-19,30,4.42,Complete
VOR,2025-09-19,20,16.90,Complete
ATHA,2025-09-18,10,3.13,Complete
ECDA,2025-09-18,40,1.88,Complete
SQNS,2025-09-17,10,15.44,Complete
NXTT,2025-09-16,200,4.08,Complete
VCIG,2025-09-16,30,8.83,Complete
SDOT,2025-09-15,10,1.25,Complete
BDSX,2025-09-15,20,3.78,Complete
CLSD,2025-09-15,15,4.47,Complete
STKH,2025-09-10,8,0.84,Complete
GP,2025-09-08,10,3.01,Complete
GLXG,2025-09-08,10,1.08,Complete
SGBX,2025-09-08,64,5.36,Complete
WAI,2025-09-08,25,2.69,Complete
SDST,2025-09-08,10,6.79,Complete
CNF,2025-09-05,10,4.94,Complete
KITT,2025-09-05,9,11.53,Complete
TIRX,2025-09-05,5,5.60,Complete
ALCE,2025-09-05,200,0.39,Complete
ABTC,2025-09-03,5,192.17,Complete
WLGS,2025-09-02,250,0.65,Complete
NOTE,2025-09-02,12,10.92,Complete
ELAB,2025-09-02,3.5,0.74,Complete
QCLS,2025-09-02,100,4.15,Complete
MSPR,2025-09-02,7,13.47,Complete
LCID,2025-09-02,10,119.00,Complete
EAF,2025-08-29,10,21.15,Complete
SEGG,2025-08-29,10,4.82,Complete
TC,2025-08-29,20,0.11,Complete
DRIO,2025-08-28,20,4.01,Complete
GDHG,2025-08-28,15,2.53,Complete
AKAN,2025-08-26,3.125,0.73,Complete
CMMB,2025-08-26,4,5.49,Complete
USAS,2025-08-26,2.5,271.54,Complete
FRSX,2025-08-25,7,3.51,Complete
GTI,2025-08-25,60,3.18,Complete
SUGP,2025-08-25,10,0.41,Complete
GWAV,2025-08-25,110,0.80,Complete
QH,2025-08-25,90,0.99,Complete
SVRN,2025-08-25,25,10.13,Complete
BCTX,2025-08-25,10,1.87,Complete
OESX,2025-08-22,10,3.12,Complete
ZNB,2025-08-22,25,10.36,Complete
AZTR,2025-08-21,6.66,10.20,Complete
GIBO,2025-08-20,200,2.54,Complete
LNZA,2025-08-19,100,1.19,Complete
CHSN,2025-08-18,80,1.37,Complete
SLRX,2025-08-18,15,5.42,Complete
ENTO,2025-08-18,3,3.30,Complete
VTAK,2025-08-15,19,1.65,Complete
HIND,2025-08-15,4,4.60,Complete
NAOV,2025-08-12,10,1.09,Complete
VERU,2025-08-11,10,21.52,Complete
WATT,2025-08-11,30,2.17,Complete
SISI,2025-08-11,50,0.45,Complete
NCNA,2025-08-11,200,4.16,Complete
PTN,2025-08-11,50,3.39,Complete
HTCO,2025-08-08,25,5.01,Complete
ZBAI,2025-08-08,18,0.69,Complete
DEVS,2025-08-08,10,2.44,Complete
EVTV,2025-08-08,10,4.45,Complete
SMX,2025-08-07,7,1.05,Complete
SEAT,2025-08-06,20,0.75,Complete
CLDI,2025-08-05,12,7.03,Complete
OST,2025-08-05,25,4.96,Complete
ACXP,2025-08-05,20,1.96,Complete
MKZR,2025-08-05,10,1.82,Complete
SPRB,2025-08-05,75,0.53,Complete
NIVF,2025-08-04,5,6.58,Complete
ANGH,2025-08-04,10,2.46,Complete
BINI,2025-08-04,250,12.48,Complete
AQMS,2025-08-04,10,2.95,Complete
FLGC,2025-08-04,39,0.61,Complete
DRMA,2025-08-01,10,0.91,Complete
HCTI,2025-08-01,249,7.25,Complete
PEV,2025-08-01,5,9.26,Complete
BDRX,2025-07-31,10,0.62,Complete
FGI,2025-07-31,5,0.53,Complete
NAAS,2025-07-30,4,0.99,Complete
VSTD,2025-07-30,0.25,11.59,Complete
SLXN,2025-07-29,15,3.09,Complete
AIHS,2025-07-29,10,5.45,Complete
CHPT,2025-07-28,20,22.53,Complete
FOXO,2025-07-28,1.99,526.45,Complete
MRSN,2025-07-28,25,4.21,Complete
AVX,2025-07-28,9,3.61,Complete
IMA,2025-07-28,12,9.94,Complete
IMNN,2025-07-25,15,3.05,Complete
VRCA,2025-07-25,10,5.02,Complete
PC,2025-07-22,9,2.07,Complete
CNSP,2025-07-22,12,0.62,Complete
GBIO,2025-07-22,10,4.60,Complete
GVH,2025-07-21,200,1.47,Complete
TWG,2025-07-21,90,0.52,Complete
IVF,2025-07-21,3,1.89,Complete
MLGO,2025-07-18,30,3.44,Complete
CREG,2025-07-18,10,3.26,Complete
PAPL,2025-07-16,20,1.18,Complete
GORV,2025-07-14,30,0.90,Complete
HTOO,2025-07-14,35,1.88,Complete
PASG,2025-07-14,20,3.04,Complete
NXTC,2025-07-14,12,2.47,Complete
XAIR,2025-07-14,20,7.60,Complete
MFI,2025-07-10,8,0.56,Complete
SBDS,2025-07-09,40,0.75,Complete
BNZI,2025-07-08,10,5.21,Complete
BIVI,2025-07-07,10,7.52,Complete
LVLU,2025-07-07,15,0.44,Complete
REVB,2025-07-07,3,5.92,Complete
FLYE,2025-07-07,5,0.77,Complete
LRHC,2025-07-07,80,1.24,Complete
BGMS,2025-07-07,15,3.79,Complete
NUWE,2025-07-07,42,1.66,Complete
SPRC,2025-07-03,21,1.98,Complete
WBX,2025-07-03,20,8.48,Complete
PTHS,2025-07-02,10,0.57,Complete
HSDT,2025-07-01,50,73.74,Complete
AIMD,2025-06-30,5,2.04,Complete
GNLN,2025-06-27,750,1.39,Complete
INDP,2025-06-27,28,1.11,Complete
TRNR,2025-06-27,10,2.39,Complete
SBLX,2025-06-26,16,1.41,Complete
SLMT,2025-06-26,10,80.59,Complete
CLRB,2025-06-24,30,4.13,Complete
JDZG,2025-06-24,8,1.09,Complete
STEM,2025-06-23,20,7.94,Complete
KULR,2025-06-23,8,42.86,Complete
SLE,2025-06-23,40,6.06,Complete
TRUG,2025-06-23,50,2.26,Complete
XXII,2025-06-20,23,6.99,Complete
UNCY,2025-06-20,10,20.83,Complete
BNRG,2025-06-20,5,3.64,Complete
FGEN,2025-06-17,25,4.00,Complete
AIM,2025-06-17,100,2.76,Complete
RAPT,2025-06-17,8,15.13,Complete
SNSE,2025-06-17,20,0.83,Complete
SMX,2025-06-16,4.1,1.05,Complete
SHPH,2025-06-16,25,0.92,Complete
GCTK,2025-06-16,60,0.91,Complete
NCI,2025-06-16,5,1.08,Complete
JFBR,2025-06-16,17,0.66,Complete
JZ,2025-06-16,10,6.77,Complete
CBIO,2025-06-16,100,5.66,Complete
CHNR,2025-06-13,8,0.53,Complete
CERO,2025-06-13,20,21.07,Complete
ARTL,2025-06-13,6,1.88,Complete
ONCO,2025-06-13,85,1.51,Complete
AMZE,2025-06-13,23,18.75,Complete
ERNA,2025-06-12,15,6.59,Complete
EMPD,2025-06-12,8,36.42,Complete
SST,2025-06-12,10,2.66,Complete
SVRE,2025-06-11,3,2.18,Complete
INUV,2025-06-10,10,12.10,Complete
CLRO,2025-06-10,15,0.95,Complete
BBLG,2025-06-10,6,1.79,Complete
HUSA,2025-06-09,10,6.03,Complete
NKTR,2025-06-09,15,20.16,Complete
BOLT,2025-06-09,20,1.54,Complete
AEMD,2025-06-09,8,0.74,Complete
PXLW,2025-06-09,12,5.99,Complete
DUO,2025-06-09,16,3.90,Complete
INAB,2025-06-06,30,4.23,Complete
AGMH,2025-06-03,50,1.89,Complete
OGEN,2025-06-03,30,4.09,Complete
EKSO,2025-06-02,15,3.36,Complete
LYEL,2025-06-02,20,19.22,Complete
BNBX,2025-06-02,15,1.29,Complete
ARBB,2025-06-02,15,1.29,Complete
BINI,2025-06-02,100,12.48,Complete
EJH,2025-05-30,50,19.70,Complete
TAOP,2025-05-29,30,0.98,Complete
ASPS,2025-05-28,8,9.32,Complete
LYRA,2025-05-28,50,1.76,Complete
KG,2025-05-28,20,5.71,Complete
FRGT,2025-05-27,4,5.90,Complete
APVO,2025-05-27,20,16.85,Complete
PLRZ,2025-05-27,250,0.98,Complete
WHLR,2025-05-27,7,0.69,Complete
QVCGA,2025-05-23,50,6.37,Complete
DGLY,2025-05-23,100,1.90,Complete
AIFU,2025-05-21,20,1.89,Complete
UOKA,2025-05-20,25,0.66,Complete
CDT,2025-05-20,15,1.60,Complete
CVM,2025-05-20,30,7.91,Complete
SQFT,2025-05-19,10,1.23,Complete
BON,2025-05-19,25,6.09,Complete
CNEY,2025-05-19,25,1.01,Complete
RNAZ,2025-05-15,28,0.92,Complete
MLEC,2025-05-14,10,7.76,Complete
XAGE,2025-05-14,30,1.62,Complete
CDIO,2025-05-13,13,1.53,Complete
BGMS,2025-05-12,16,3.79,Complete
ALZN,2025-05-12,9,3.62,Complete
STI,2025-05-12,50,2.26,Complete
XHG,2025-05-09,20,1.57,Complete
HIND,2025-05-09,25,4.60,Complete
GDHG,2025-05-09,25,2.53,Complete
DGLY,2025-05-07,20,1.90,Complete
YCBD,2025-05-07,8,8.90,Complete
SBET,2025-05-06,12,196.66,Complete
PTIX,2025-05-05,14,1.86,Complete
NIVF,2025-05-05,10,6.58,Complete
WAI,2025-05-05,25,2.69,Complete
SLGL,2025-05-05,10,0.97,Complete
PBM,2025-05-05,7.97,1.86,Complete
CWD,2025-05-02,20,5.38,Complete
HSDT,2025-05-02,15,73.74,Complete
LITM,2025-05-02,13,18.03,Complete
IQST,2025-05-02,80,4.21,Complete
PTPI,2025-05-01,25,42.32,Complete
FOXO,2025-04-29,10,526.45,Complete
JBIO,2025-04-29,35,14.12,Complete
NAAS,2025-04-28,4,0.99,Complete
STKH,2025-04-28,5,0.84,Complete
XFOR,2025-04-28,30,87.38,Complete
STSS,2025-04-28,300,5.56,Complete
DFSC,2025-04-24,21,1.42,Complete
BSLK,2025-04-22,20,4.22,Complete
FMTO,2025-04-22,500,0.60,Complete
MCRB,2025-04-22,20,7.88,Complete
DDC,2025-04-21,25,7.70,Complete
HOLO,2025-04-21,40,14.57,Complete
YHC,2025-04-21,35,13.42,Complete
BMRA,2025-04-21,8,2.72,Complete
SUNE,2025-04-21,200,3.41,Complete
KZIA,2025-04-17,5,1.83,Complete
TVRD,2025-04-16,3,3.91,Complete
CPHI,2025-04-15,10,4.70,Complete
STBX,2025-04-15,15,0.59,Complete
SCLX,2025-04-15,35,7.00,Complete
FRGE,2025-04-15,15,9.59,Complete
CMCT,2025-04-15,25,2.51,Complete
PIII,2025-04-14,50,1.32,Complete
WIMI,2025-04-14,20,10.85,Complete
MAAS,2025-04-14,60,1.14,Complete
HCWB,2025-04-11,40,3.72,Complete
BINI,2025-04-11,100,12.48,Complete
AMRN,2025-04-11,20,21.59,Complete
WBUY,2025-04-10,120,1.72,Complete
TPST,2025-04-09,13,5.61,Complete
QNRX,2025-04-09,35,0.59,Complete
VEEE,2025-04-08,10,1.98,Complete
LGCB,2025-04-07,10,9.38,Complete
NEGG,2025-04-07,20,0.96,Complete
SPPL,2025-04-07,8,2.20,Complete
TGL,2025-04-07,50,16.57,Complete
BGLC,2025-04-07,10,1.27,Complete
FTFT,2025-04-04,10,4.72,Complete
AEHL,2025-04-04,40,2.58,Complete
SOBR,2025-04-04,10,1.52,Complete
CISS,2025-04-04,6,2.65,Complete
MKTW,2025-04-03,20,2.25,Complete
VCIG,2025-04-03,20,8.83,Complete
WNW,2025-04-01,20,2.64,Complete
ICON,2025-04-01,40,2.23,Complete
AREB,2025-03-31,25,6.12,Complete
WTO,2025-03-31,10,1.94,Complete
AUUD,2025-03-31,17,3.09,Complete
NXU,2025-03-31,20,2.32,Complete
VMAR,2025-03-31,10,4.65,Complete
HUBC,2025-03-31,10,22.36,Complete
ACON,2025-03-28,27,0.67,Complete
SBEV,2025-03-28,40,2.49,Complete
WHLR,2025-03-26,5,0.69,Complete
LGHL,2025-03-26,50,0.50,Complete
XELB,2025-03-25,10,3.36,Complete
JAGX,2025-03-24,25,3.73,Complete
ZCAR,2025-03-24,20,6.68,Complete
SHFS,2025-03-24,20,1.78,Complete
UPC,2025-03-24,40,0.56,Complete
VRPX,2025-03-21,25,1.77,Complete
VIVS,2025-03-21,12,2.58,Complete
OM,2025-03-20,15,17.99,Complete
IVF,2025-03-18,12,1.89,Complete
HEPA,2025-03-18,50,11.62,Complete
WKSP,2025-03-18,10,7.93,Complete
ULY,2025-03-18,12,2.12,Complete
NWTG,2025-03-17,30,4.15,Complete
SAIH,2025-03-17,15,1.02,Complete
WKHS,2025-03-17,12.5,23.93,Complete
ADTX,2025-03-17,250,0.56,Complete
FAMI,2025-03-17,12,1.30,Complete
BHAT,2025-03-17,100,4.89,Complete
WLDS,2025-03-17,4,7.12,Complete
BNBX,2025-03-14,50,1.29,Complete
NAOV,2025-03-14,11,1.09,Complete
KUKE,2025-03-13,10,26.78,Complete
IPDN,2025-03-13,10,3.10,Complete
BLNE,2025-02-12,10,25.70,Complete
ABTS,2025-03-10,15,2.25,Complete
OMH,2025-03-10,10,21.92,Complete
ELAB,2025-03-10,7,0.74,Complete
MNDR,2025-03-10,8,1.16,Complete
RETO,2025-03-07,10,1.24,Complete
TIVC,2025-03-07,17,1.74,Complete
VERO,2025-03-04,11,1.74,Complete
STBX,2025-03-03,10,0.59,Complete
CLEU,2025-03-03,80,3.15,Complete
LICN,2025-03-03,200,0.71,Complete
EDBL,2025-03-03,25,5.13,Complete
APTO,2025-02-26,30,2.07,Complete
KPTI,2025-02-26,15,9.65,Complete
AEON,2025-02-26,72,11.12,Complete
LODE,2025-02-25,10,50.15,Complete
SXTC,2025-02-25,8,114.24,Complete
SOAR,2025-02-24,25,6.87,Complete
GRI,2025-02-24,17,3.27,Complete
HWH,2025-02-24,5,1.41,Complete
SXTP,2025-02-24,5,4.17,Complete
WINT,2025-02-21,50,33.71,Complete
SVRE,2025-02-21,13.33,2.18,Complete
CNSP,2025-02-21,50,0.62,Complete
HMR,2025-02-20,30,31.97,Complete
USBC,2025-02-19,40,29.67,Complete
MEGL,2025-02-18,4,2.41,Complete
CYN,2025-02-18,150,7.97,Complete
FEAM,2025-02-18,23,5.55,Complete
BOXL,2025-02-18,5,5.54,Complete
BINI,2025-02-18,60,12.48,Complete
OTLY,2025-02-18,20,14.23,Complete
HYFM,2025-02-13,10,3.75,Complete
TANH,2025-02-13,40,1.80,Complete
NIVF,2025-02-11,20,6.58,Complete
GSAT,2025-02-11,15,50.30,Complete
TCBP,2025-02-10,20,0.51,Complete
RIME,2025-02-10,200,2.70,Complete
BTAI,2025-02-10,16,21.33,Complete
XTKG,2025-02-10,6,97.26,Complete
TNXP,2025-02-05,100,11.78,Complete
GCTK,2025-02-04,20,0.91,Complete
HYPD,2025-02-03,80,8.08,Complete
ZKIN,2025-01-31,7,3.74,Complete
FCUV,2025-01-31,10,3.96,Complete
CRKN,2025-01-30,150,1.74,Complete
BLRX,2025-01-30,40,4.18,Complete
ACON,2025-01-30,335,0.67,Complete
BCTX,2025-01-29,15,1.87,Complete
ENVB,2025-01-29,15,0.59,Complete
INKT,2025-01-28,10,2.24,Complete
VINC,2025-01-28,20,4.83,Complete
WHLR,2025-01-28,4,0.69,Complete
REVB,2025-01-28,16,5.92,Complete
BNGO,2025-01-27,60,10.17,Complete
IVP,2025-01-27,25,3.76,Complete
GITS,2025-01-27,20,3.33,Complete
CDT,2025-01-27,100,1.60,Complete
HAO,2025-01-27,25,1.86,Complete
YI,2025-01-24,10,3.41,Complete
BQ,2025-01-21,10,3.41,Complete
KLRS,2025-01-16,23,3.14,Complete
MBIO,2025-01-16,50,7.23,Complete
SMX,2025-01-15,28.5,1.05,Complete
SVMH,2025-01-15,50,5.19,Complete
EVAX,2025-01-14,5,8.01,Complete
THCH,2025-01-13,5,9.58,Complete
XTIA,2025-01-10,250,32.77,Complete
CERO,2025-01-08,100,21.07,Complete
JXG,2025-01-08,4,1.01,Complete
RGF,2025-01-06,12,1.12,Complete
CMCT,2025-01-06,10,2.51,Complete
IDAI,2025-01-06,15,4.77,Complete
SEV,2025-01-05,75,9.40,Complete
ALUR,2025-01-03,25,6.95,Complete
ATCH,2025-01-02,60,128.17,Complete
ELBM,2025-01-02,4,17.77,Complete
CISS,2025-01-02,2.5,2.65,Complete
OST,2024-12-31,10,4.96,Complete
OPTN,2024-12-31,15,9.44,Complete
COEP,2024-12-31,20,5.08,Complete
CVLG,2024-12-31,0.5,14.60,Complete
DFDV,2024-12-30,8,25.65,Complete
TVRD,2024-12-30,12,3.91,Complete
CHAI,2024-12-27,10,3.10,Complete
GOEV,2024-12-24,20,14.24,Complete
CLEU,2024-12-24,15,3.15,Complete
NEUP,2024-12-24,12,5.37,Complete
ICCT,2024-12-23,20,4.68,Complete
MTC,2024-12-18,8,25.11,Complete
XXII,2024-12-17,135,6.99,Complete
MNTS,2024-12-13,14,24.04,Complete
DBGI,2024-12-13,50,6.33,Complete
MLGO,2024-12-13,20,3.44,Complete
BLUE,2024-12-13,20,9.71,Complete
JL,2024-12-10,10,1.65,Complete
HUIZ,2024-12-09,5,4.44,Complete
ENSC,2024-12-06,15,3.54,Complete
AVX,2024-12-05,100,3.61,Complete
APVO,2024-12-04,37,16.85,Complete
RNAZ,2024-12-04,33,0.92,Complete
DXF,2024-12-04,125,1.36,Complete
MYNZ,2024-12-03,40,9.43,Complete
FTCI,2024-12-02,10,11.92,Complete
DBVT,2024-11-29,5,33.42,Complete
SLXN,2024-11-29,9,3.09,Complete
ELAB,2024-11-27,200,0.74,Complete
UBXG,2024-11-27,16,23.04,Complete
CETX,2024-11-26,35,0.74,Complete
GMM,2024-11-26,15,25.00,Complete
CTXR,2024-11-26,25,20.01,Complete
GPUS,2024-11-25,35,342.48,Complete
APLM,2024-11-25,100,0.92,Complete
PBM,2024-11-25,75,1.86,Complete
DFLI,2024-11-22,9,122.65,Complete
XTKG,2024-11-22,20,97.26,Complete
NMHI,2024-11-21,30,22.81,Complete
PRFX,2024-11-21,4,3.90,Complete
LAZR,2024-11-21,15,68.83,Complete
LUXH,2024-11-20,70,4.01,Complete
JFBR,2024-11-20,13,0.66,Complete
SOS,2024-11-19,15,7.39,Complete
POLA,2024-11-19,7,1.85,Complete
WHLR,2024-11-19,2,0.69,Complete
LGMK,2024-11-19,25,0.91,Complete
BJDX,2024-11-18,50,4.06,Complete
UPC,2024-11-18,15,0.56,Complete
SGN,2024-11-18,48,3.96,Complete
MSPR,2024-11-18,25,13.47,Complete
TPET,2024-11-15,20,8.08,Complete
ZNB,2024-11-15,100,10.36,Complete
TKLF,2024-11-15,10,1.62,Complete
INM,2024-11-14,20,3.16,Complete
AKAN,2024-11-14,2,0.73,Complete
DNMR,2024-11-13,40,2.72,Complete
JTAI,2024-11-12,225,4.19,Complete
SISI,2024-11-12,24,0.45,Complete
EFSH,2024-11-11,15,6.35,Complete
EMPD,2024-11-11,8,36.42,Complete
FCEL,2024-11-11,30,32.23,Complete
TRNR,2024-11-11,100,2.39,Complete
LIPO,2024-11-08,8,4.40,Complete
XHG,2024-11-08,20,1.57,Complete
NDRA,2024-11-07,35,0.68,Complete
AQMS,2024-11-05,20,2.95,Complete
AIXC,2024-11-05,50,5.16,Complete
VCIG,2024-11-05,49,8.83,Complete
NA,2024-11-04,10,21.20,Complete
MAGN,2024-11-04,13,35.49,Complete
FGNX,2024-11-01,25,38.63,Complete
STBX,2024-10-31,16,0.59,Complete
KZR,2024-10-30,10,7.13,Complete
MOVE,2024-10-29,15,0.68,Complete
AHT,2024-10-28,10,6.30,Complete
KZIA,2024-10-28,10,1.83,Complete
SVRE,2024-10-28,18,2.18,Complete
ALBT,2024-10-28,15,3.87,Complete
AMIX,2024-10-25,25,6.53,Complete
KXIN,2024-10-25,60,28.35,Complete
NUKK,2024-10-24,8,14.26,Complete
CTNT,2024-10-24,16,1.99,Complete
DFSC,2024-10-23,10,1.42,Complete
ZCAR,2024-10-22,100,6.68,Complete
HURA,2024-10-18,35,30.02,Complete
BIOR,2024-10-18,10,2.96,Complete
SANW,2024-10-18,19,1.05,Complete
SDOT,2024-10-18,10,1.25,Complete
SONX,2024-10-18,200,0.41,Complete
SUNE,2024-10-17,50,3.41,Complete
DLPN,2024-10-16,2,11.84,Complete
MGRX,2024-10-16,15,11.91,Complete
ME,2024-10-16,20,17.66,Complete
STSS,2024-10-16,22,5.56,Complete
ILLR,2024-10-16,4,108.68,Complete
UAVS,2024-10-15,50,40.07,Complete
PIXY,2024-10-14,15,0.29,Complete
ALCE,2024-10-11,25,0.39,Complete
WLDS,2024-10-10,20,7.12,Complete
INHD,2024-10-10,10,12.11,Complete
SQNS,2024-10-09,2.5,15.44,Complete
HOLO,2024-10-09,20,14.57,Complete
XPON,2024-10-09,100,8.88,Complete
TONX,2024-10-09,200,57.31,Complete
DWTX,2024-10-09,25,2.29,Complete
MAXN,2024-10-09,100,6.73,Complete
VMAR,2024-10-08,9,4.65,Complete
AZ,2024-10-08,2.5,38.96,Complete
SGD,2024-10-08,20,5.25,Complete
RYM,2024-10-08,15,1.30,Complete
OKUR,2024-10-07,10,12.61,Complete
SIFY,2024-10-04,4,11.54,Complete
BDRX,2024-10-04,25,0.62,Complete
STRM,2024-10-04,15,3.37,Complete
LSB,2024-10-04,10,4.67,Complete
KRKR,2024-10-03,25,1.66,Complete
UPXI,2024-10-03,20,47.45,Complete
CETX,2024-10-03,60,0.74,Complete
ADTX,2024-10-02,40,0.56,Complete
AREB,2024-10-02,9,6.12,Complete
SOBR,2024-10-02,110,1.52,Complete
BCLI,2024-10-01,15,11.02,Complete
LXEH,2024-09-30,10,18.67,Complete
SONN,2024-09-30,8,6.74,Complete
CNET,2024-09-30,4,2.57,Complete
NCEL,2024-09-27,40,3.29,Complete
SEEL,2024-09-27,16,0.57,Complete
ARQQ,2024-09-25,25,8.26,Complete
ORGS,2024-09-25,25,5.71,Complete
FRGT,2024-09-25,25,5.90,Complete
BBGI,2024-09-24,20,0.72,Complete
EJH,2024-09-24,10,19.70,Complete
ONCO,2024-09-24,40,1.51,Complete
HIND,2024-09-23,58,4.60,Complete
OTRK,2024-09-23,15,8.95,Complete
CTEV,2024-09-23,40,9.71,Complete
EVTL,2024-09-23,10,55.27,Complete
TRAW,2024-09-23,25,6.95,Complete
WHLR,2024-09-20,3,0.69,Complete
MKFG,2024-09-19,10,13.60,Complete
CYBN,2024-09-19,38,49.21,Complete
BNZI,2024-09-19,50,5.21,Complete
GDHG,2024-09-19,50,2.53,Complete
PPBT,2024-09-17,20,8.75,Complete
NVVE,2024-09-17,10,44.60,Complete
IVDA,2024-09-17,8,5.74,Complete
LKCO,2024-09-17,8,6.71,Complete
BINI,2024-09-17,100,12.48,Complete
ZEPP,2024-09-16,4,4.26,Complete
KSCP,2024-09-16,50,11.31,Complete
ISPC,2024-09-16,20,9.77,Complete
YJ,2024-09-13,4,1.06,Complete
HYZN,2024-09-11,50,7.68,Complete
WTO,2024-09-11,25,1.94,Complete
ALLR,2024-09-11,30,15.81,Complete
BKSY,2024-09-09,8,27.68,Complete
PRFX,2024-09-09,6,3.90,Complete
LITB,2024-09-06,6,6.74,Complete
TNON,2024-09-06,8,8.51,Complete
BIRD,2024-09-05,20,5.58,Complete
DPRO,2024-09-05,25,28.83,Complete
TCS,2024-09-04,15,1.99,Complete
ORKA,2024-09-03,12,39.56,Complete
MTNB,2024-09-03,50,6.27,Complete
GLMD,2024-08-30,12,6.46,Complete
SNOA,2024-08-30,20,1.68,Complete
GLTO,2024-08-30,25,1.15,Complete
ATPC,2024-08-30,20,48.63,Complete
GDEV,2024-08-29,10,3.37,Complete
XCUR,2024-08-28,5,2.19,Complete
FBRX,2024-08-28,25,12.37,Complete
QMCO,2024-08-27,20,13.44,Complete
PHGE,2024-08-26,10,1.48,Complete
FMTO,2024-08-26,17,0.60,Complete
OBLG,2024-08-26,40,3.18,Complete
TOVX,2024-08-26,25,33.73,Complete
GWH,2024-08-26,15,12.61,Complete
AIXI,2024-08-23,9,10.71,Complete
VMAR,2024-08-22,15,4.65,Complete
SPCB,2024-08-22,20,4.64,Complete
DNA,2024-08-20,40,46.41,Complete
NDRA,2024-08-20,50,0.68,Complete
RDHL,2024-08-20,25,4.48,Complete
CVKD,2024-08-20,15,1.62,Complete
SRFM,2024-08-19,7,56.77,Complete
FFAI,2024-08-19,40,167.57,Complete
ALGS,2024-08-19,25,3.29,Complete
BETR,2024-08-19,50,4.18,Complete
GNS,2024-08-16,10,80.83,Complete
ORBS,2024-08-16,5,26.55,Complete
SING,2024-08-15,100,79.81,Complete
QNTM,2024-08-15,65,3.63,Complete
ATON,2024-08-15,20,2.55,Complete
ASTI,2024-08-15,100,3.48,Complete
SHPH,2024-08-13,8,0.92,Complete
TRVN,2024-08-13,25,0.86,Complete
AIFF,2024-08-13,3,10.18,Complete
SXTP,2024-08-12,12,4.17,Complete
MNPR,2024-08-12,5,4.98,Complete
CING,2024-08-09,12,6.75,Complete
VATE,2024-08-08,10,5.25,Complete
SBFM,2024-08-08,20,4.91,Complete
BIVI,2024-08-06,10,7.52,Complete
XYLO,2024-08-05,2.67,0.81,Complete
GNLN,2024-08-05,11,1.39,Complete
TCBP,2024-08-05,10,0.51,Complete
CHAI,2024-08-02,18,3.10,Complete
NCPL,2024-08-02,70,4.80,Complete
EVOK,2024-08-01,12,1.54,Complete
CCM,2024-07-30,10,1.39,Complete
NWTG,2024-07-30,10,4.15,Complete
AIU,2024-07-29,5,30.79,Complete
EVGN,2024-07-25,10,8.63,Complete
FOA,2024-07-25,10,5.20,Complete
NXXT,2024-07-25,2.5,29.32,Complete
SNES,2024-07-25,10,5.22,Complete
BURU,2024-07-24,40,433.24,Complete
KITT,2024-07-23,36,11.53,Complete
BHIL,2024-07-19,35,3.66,Complete
SCPX,2024-07-18,200,61.12,Complete
LUCY,2024-07-18,20,4.09,Complete
MGOL,2024-07-18,10,95.22,Complete
SNTI,2024-07-18,10,13.08,Complete
TCRT,2024-07-18,10,1.74,Complete
SONM,2024-07-18,10,0.84,Complete
ALZN,2024-07-16,10,3.62,Complete
VTAK,2024-07-15,10,1.65,Complete
CLDI,2024-07-15,10,7.03,Complete
SMX,2024-07-15,75,1.05,Complete
IMCC,2024-07-12,6,5.39,Complete
CLNN,2024-07-11,20,8.20,Complete
FRES,2024-07-10,10,3.48,Complete
AMWL,2024-07-10,20,12.45,Complete
IONM,2024-07-09,18,3.12,Complete
HOOK,2024-07-09,10,9.88,Complete
EFSH,2024-07-08,13,6.35,Complete
CJET,2024-07-08,30,10.92,Complete
CYN,2024-07-05,100,7.97,Complete
PHIO,2024-07-05,9,11.34,Complete
ASLN,2024-07-03,8,3.00,Complete
NUTX,2024-07-03,10,5.12,Complete
JZXN,2024-07-03,13,20.18,Complete
MDRR,2024-07-03,2,0.43,Complete
ASST,2024-07-02,5,877.38,Complete
KORE,2024-07-01,5,6.91,Complete
RELI,2024-07-01,17,9.78,Complete
DARE,2024-07-01,12,12.63,Complete
AZTR,2024-07-01,30,10.20,Complete
YGMZ,2024-07-01,8,12.75,Complete
WHLR,2024-06-28,5,0.69,Complete
NUWE,2024-06-28,35,1.66,Complete
YYAI,2024-06-27,20,18.74,Complete
RIGL,2024-06-27,10,17.76,Complete
OMIC,2024-06-26,30,1.55,Complete
STAF,2024-06-26,10,1.49,Complete
NKLA,2024-06-25,30,115.19,Complete
CRKN,2024-06-25,150,1.74,Complete
BGM,2024-06-21,5,5.26,Complete
TECX,2024-06-21,12,7.89,Complete
BJDX,2024-06-20,8,4.06,Complete
ATRA,2024-06-20,25,8.14,Complete
VSME,2024-06-18,7,48.13,Complete
FWDI,2024-06-18,10,94.07,Complete
GRI,2024-06-18,13,3.27,Complete
CATX,2024-06-17,10,61.93,Complete
SLRX,2024-06-17,8,5.42,Complete
STRR,2024-06-17,5,2.57,Complete
SPCE,2024-06-17,20,61.44,Complete
WKHS,2024-06-17,20,23.93,Complete
TWOU,2024-06-14,30,2.73,Complete
TRNR,2024-06-14,40,2.39,Complete
NAAS,2024-06-13,20,0.99,Complete
RBOT,2024-06-13,30,4.21,Complete
VELO,2024-06-13,35,8.55,Complete
SUNE,2024-06-12,15,3.41,Complete
BNED,2024-06-12,100,14.25,Complete
DM,2024-06-11,10,22.20,Complete
KPRX,2024-06-11,9,3.60,Complete
RTC,2024-06-10,10,14.76,Complete
ICU,2024-06-10,25,35.80,Complete
TNXP,2024-06-10,32,11.78,Complete
DBVT,2024-06-07,2,33.42,Complete
BNC,2024-06-07,12,42.56,Complete
SSKN,2024-06-07,10,4.18,Complete
EMPD,2024-06-07,100,36.42,Complete
SNGX,2024-06-06,16,10.54,Complete
CNSP,2024-06-05,50,0.62,Complete
PLAG,2024-06-03,10,7.89,Complete
LICY,2024-06-03,8,38.85,Complete
GWAV,2024-06-03,150,0.80,Complete
NBY,2024-05-31,35,6.01,Complete
BCDA,2024-05-30,15,9.82,Complete
GV,2024-05-29,15,3.58,Complete
SINT,2024-05-28,200,3.85,Complete
THAR,2024-05-24,15,7.39,Complete
JAGX,2024-05-23,60,3.73,Complete
AKAN,2024-05-23,40,0.73,Complete
SCNI,2024-05-21,10,3.47,Complete
BSFC,2024-05-20,50,7.89,Complete
GCTK,2024-05-20,5,0.91,Complete
OPGN,2024-05-20,10,2.23,Complete
WHLR,2024-05-17,17,0.69,Complete
CTHR,2024-05-17,10,3.55,Complete
HSCS,2024-05-17,100,3.06,Complete
ELWS,2024-05-16,5,0.95,Complete
SEEL,2024-05-16,8,0.57,Complete
DRMA,2024-05-16,15,0.91,Complete
BNR,2024-05-15,10,7.85,Complete
ADN,2024-05-14,30,3.36,Complete
TIRX,2024-05-14,5,5.60,Complete
TBIO,2024-05-09,18,0.53,Complete
IVP,2024-05-08,100,3.76,Complete
BZFD,2024-05-06,4,15.41,Complete
OLB,2024-05-06,10,3.48,Complete
CSCI,2024-05-03,4,3.15,Complete
SGBX,2024-05-02,20,5.36,Complete
YTEN,2024-05-02,24,0.53,Complete
RCON,2024-05-01,18,9.03,Complete
VINO,2024-05-01,10,0.57,Complete
SOPA,2024-05-01,15,5.61,Complete
BKKT,2024-04-29,25,12.16,Complete
ZVSA,2024-04-26,10,8.09,Complete
ATXI,2024-04-26,75,2.90,Complete
BNBX,2024-04-25,20,1.29,Complete
CDTX,2024-04-24,20,31.24,Complete
MYSZ,2024-04-23,8,3.67,Complete
ZAPP,2024-04-23,20,6.56,Complete
BPTS,2024-04-23,40,33.84,Complete
PVLA,2024-04-23,80,12.40,Complete
WINT,2024-04-22,18,33.71,Complete
SMFL,2024-04-22,7,7.09,Complete
GSUN,2024-04-19,10,8.18,Complete
BENF,2024-04-18,80,8.97,Complete
SBFM,2024-04-17,100,4.91,Complete
NCNA,2024-04-16,25,4.16,Complete
MRIN,2024-04-15,6,2.91,Complete
GRRR,2024-04-15,10,23.43,Complete
DVLT,2024-04-15,150,241.66,Complete
CISS,2024-04-12,100,2.65,Complete
AGEN,2024-04-12,20,33.49,Complete
EZGO,2024-04-12,40,0.71,Complete
FLNT,2024-04-12,6,10.77,Complete
MI,2024-04-12,50,4.33,Complete
SMSI,2024-04-11,8,18.90,Complete
BON,2024-04-11,10,6.09,Complete
NUTX,2024-04-10,15,5.12,Complete
TCON,2024-04-10,20,3.38,Complete
ALLR,2024-04-09,20,15.81,Complete
PALI,2024-04-08,15,180.54,Complete
EDBL,2024-04-05,20,5.13,Complete
TAOX,2024-04-05,25,6.97,Complete
RNAC,2024-04-04,30,14.42,Complete
STKH,2024-04-04,10,0.84,Complete
RENT,2024-04-03,20,4.56,Complete
UCAR,2024-04-03,100,6.39,Complete
EMKR,2024-04-02,10,7.74,Complete
NRXP,2024-04-02,10,21.16,Complete
AWIN,2024-04-02,100,0.92,Complete
DCFC,2024-04-02,200,0.55,Complete
XXII,2024-04-02,16,6.99,Complete
PLUR,2024-04-01,8,6.22,Complete
DOYU,2024-03-28,10,12.67,Complete
LGVN,2024-03-27,10,16.81,Complete
CTRM,2024-03-27,10,9.65,Complete
QTTB,2024-03-26,18,6.76,Complete
ETAO,2024-03-26,20,2.64,Complete
INTZ,2024-03-25,20,18.44,Complete
FMTO,2024-03-22,190,0.60,Complete
MBRX,2024-03-22,15,50.81,Complete
LENZ,2024-03-22,7,28.92,Complete
ATER,2024-03-22,12,8.71,Complete
MLGO,2024-03-22,10,3.44,Complete
CSPI,2024-03-21,0.5,8.24,Complete
SRXH,2024-03-21,44,16.48,Complete
ADVM,2024-03-21,10,19.55,Complete
AEVA,2024-03-19,5,40.84,Complete
YSG,2024-03-18,5,23.43,Complete
LFWD,2024-03-15,7,17.33,Complete
SER,2024-03-15,35.17,7.23,Complete
OTLK,2024-03-14,20,38.43,Complete
HPCO,2024-03-13,10,2.39,Complete
XTIA,2024-03-13,100,32.77,Complete
LMFA,2024-03-12,6,11.29,Complete
AFMD,2024-03-11,10,15.73,Complete
GXAI,2024-03-08,12,6.90,Complete
PGY,2024-03-08,12,49.62,Complete
GOEV,2024-03-08,23,14.24,Complete
CISO,2024-03-08,15,39.19,Complete
PIK,2024-03-07,5,0.68,Complete
CPHI,2024-03-06,5,4.70,Complete
APVO,2024-03-06,44,16.85,Complete
IFBD,2024-03-04,8,1.95,Complete
FFAI,2024-03-01,3,167.57,Complete
EGIO,2024-03-01,40,3.49,Complete
RETO,2024-03-01,10,1.24,Complete
RDGT,2024-03-01,20,3.60,Complete
VRPX,2024-03-01,10,1.77,Complete
ETHZ,2024-02-29,19,19.23,Complete
CELU,2024-02-29,10,8.25,Complete
ZCMD,2024-02-29,10,25.04,Complete
PHUN,2024-02-27,50,20.14,Complete
TGL,2024-02-27,70,16.57,Complete
AUUD,2024-02-27,25,3.09,Complete
LSDI,2024-02-26,10,1.39,Complete
TRIB,2024-02-23,5,12.79,Complete
LYT,2024-02-23,60,1.05,Complete
BPTH,2024-02-23,20,8.31,Complete
JZ,2024-02-20,3,6.77,Complete
AMBO,2024-02-20,10,1.42,Complete
ACB,2024-02-20,10,56.55,Complete
VCNX,2024-02-20,14,1.63,Complete
SISI,2024-02-16,10,0.45,Complete
QCLS,2024-02-15,30,4.15,Complete
VRM,2024-02-14,80,1.05,Complete
DTIL,2024-02-14,30,24.85,Complete
EJH,2024-02-14,5,19.70,Complete
SGLY,2024-02-12,10,4.29,Complete
ASMB,2024-02-12,12,10.52,Complete
UAVS,2024-02-09,20,40.07,Complete
ABTC,2024-02-09,20,192.17,Complete
FRGT,2024-02-05,10,5.90,Complete
GTBP,2024-02-05,30,10.36,Complete
EMPD,2024-02-05,45,36.42,Complete
CAMP,2024-02-02,23,15.15,Complete
HOLO,2024-02-02,10,14.57,Complete
GNPX,2024-02-02,40,2.32,Complete
STEX,2024-02-02,10,35.63,Complete
CMAX,2024-02-01,30,2.90,Complete
GOVX,2024-01-31,15,29.61,Complete
TCRT,2024-01-31,15,1.74,Complete
GRI,2024-01-30,7,3.27,Complete
MMAT,2024-01-29,100,6.38,Complete
INBS,2024-01-29,12,9.43,Complete
TC,2024-01-26,15,0.11,Complete
INO,2024-01-25,12,66.51,Complete
KAVL,2024-01-25,21,5.62,Complete
REVB,2024-01-25,30,5.92,Complete
INSG,2024-01-24,10,9.82,Complete
DTSS,2024-01-23,15,4.70,Complete
EVAX,2024-01-22,10,8.01,Complete
REBN,2024-01-22,8,4.32,Complete
PCSA,2024-01-22,20,56.35,Complete
NVVE,2024-01-22,40,44.60,Complete
CLEU,2024-01-19,15,3.15,Complete
CNEY,2024-01-19,30,1.01,Complete
PBLA,2024-01-18,20,4.85,Complete
GPUS,2024-01-17,25,342.48,Complete
UXIN,2024-01-16,10,3.76,Complete
RNAZ,2024-01-16,40,0.92,Complete
EFTR,2024-01-12,25,4.66,Complete
BETS,2024-01-10,1000,4.29,Complete
BTTC,2024-01-09,20,2.44,Complete
EIGR,2024-01-08,30,0.97,Complete
ONCT,2024-01-08,20,2.66,Complete
SABS,2024-01-05,10,37.02,Complete
EFSH,2024-01-05,4,6.35,Complete
DSS,2024-01-05,20,3.07,Complete
ACON,2024-01-04,16,0.67,Complete
JSPR,2024-01-04,10,27.77,Complete
PRSO,2024-01-03,40,9.18,Complete
TENX,2024-01-03,80,5.73,Complete
LXEH,2024-01-03,2,18.67,Complete
TBLT,2024-01-02,65,1.32,Complete
KTTA,2024-01-02,20,7.33,Complete
AVTX,2023-12-29,240,18.13,Complete
VS,2023-12-29,28,1.74,Complete
LIDR,2023-12-27,30,44.30,Complete
NXU,2023-12-27,150,2.32,Complete
GMBL,2023-12-22,400,1.15,Complete
BINI,2023-12-21,100,12.48,Complete
MTVA,2023-12-21,8,4.66,Complete
BKYI,2023-12-21,18,10.81,Complete
WNW,2023-12-20,35,2.64,Complete
SCOR,2023-12-20,20,2.80,Complete
BBLG,2023-12-20,8,1.79,Complete
SIDU,2023-12-20,100,35.22,Complete
CGC,2023-12-20,10,315.18,Complete
NGNE,2023-12-19,4,19.26,Complete
TFFP,2023-12-19,25,3.29,Complete
BGMS,2023-12-18,15,3.79,Complete
YQ,2023-12-18,5,5.91,Complete
ENTO,2023-12-18,20,3.30,Complete
VRAX,2023-12-18,10,3.81,Complete
HUBC,2023-12-15,10,22.36,Complete
TCBP,2023-12-15,20,0.51,Complete
SRZN,2023-12-14,15,8.68,Complete
AIMD,2023-12-14,5,2.04,Complete
GENE,2023-12-14,5,4.23,Complete
CYTO,2023-12-13,20,8.77,Complete
AUVI,2023-12-12,25,4.75,Complete
JG,2023-12-11,20,2.19,Complete
SNCR,2023-12-11,9,8.75,Complete
CENN,2023-12-08,100,79.18,Complete
SNCE,2023-12-08,20,3.32,Complete
TIL,2023-12-08,20,3.53,Complete
XHG,2023-12-07,40,1.57,Complete
XOS,2023-12-07,30,7.81,Complete
PAVM,2023-12-07,15,24.63,Complete
CZOO,2023-12-06,100,2.53,Complete
ZVSA,2023-12-05,35,8.09,Complete
HUT,2023-12-04,5,96.03,Complete
MCOM,2023-12-04,150,92.21,Complete
BNRG,2023-12-04,10,3.64,Complete
CHAI,2023-12-04,7,3.10,Complete
ENG,2023-12-01,8,3.83,Complete
IXHL,2023-11-30,4,341.81,Complete
YHC,2023-11-30,60,13.42,Complete
CING,2023-11-30,20,6.75,Complete
UK,2023-11-30,12,2.07,Complete
RGS,2023-11-29,20,2.37,Complete
PRAX,2023-11-29,15,24.95,Complete
IBIO,2023-11-29,20,22.23,Complete
CMND,2023-11-28,30,43.99,Complete
VSTD,2023-11-28,10,11.59,Complete
SEEL,2023-11-28,30,0.57,Complete
CHR,2023-11-27,10,268.78,Complete
NURO,2023-11-22,8,1.85,Complete
BODI,2023-11-22,50,3.06,Complete
THAR,2023-11-21,25,7.39,Complete
VTVT,2023-11-21,40,1.75,Complete
IFBD,2023-11-20,20,1.95,Complete
TRVG,2023-11-17,15,13.19,Complete
AMTD,2023-11-17,3,33.21,Complete
SNES,2023-11-17,12,5.22,Complete
AEY,2023-11-16,10,1.19,Complete
HYMC,2023-11-15,10,53.46,Complete
RVSN,2023-11-15,8,57.87,Complete
XRTX,2023-11-14,9,5.31,Complete
PRE,2023-11-13,15,10.31,Complete
NVOS,2023-11-07,10,18.41,Complete
DOGZ,2023-11-07,20,5.12,Complete
FOXO,2023-11-07,10,526.45,Complete
KRRO,2023-11-06,50,9.36,Complete
CANO,2023-11-03,100,2.27,Complete
JFBR,2023-11-03,7,0.66,Complete
MOTS,2023-11-02,15,6.84,Complete
TNON,2023-11-02,10,8.51,Complete
BYFC,2023-11-01,8,5.94,Complete
GYRE,2023-10-31,15,16.83,Complete
PXMD,2023-10-31,17,10.80,Complete
ALZN,2023-10-31,15,3.62,Complete
GVP,2023-10-30,10,3.12,Complete
BYU,2023-10-30,50,32.14,Complete
CPOP,2023-10-27,10,82.15,Complete
ZIVO,2023-10-27,6,2.27,Complete
JWEL,2023-10-27,16,1.83,Complete
SMFL,2023-10-27,3,7.09,Complete
VVOS,2023-10-27,25,8.09,Complete
GTH,2023-10-26,3,14.15,Complete
VHC,2023-10-26,20,3.71,Complete
ADXN,2023-10-23,20,0.85,Complete
POL,2023-10-20,50,2.07,Complete
TRML,2023-10-19,10,23.55,Complete
NEXI,2023-10-19,25,1.25,Complete
OCG,2023-10-18,5,19.82,Complete
REE,2023-10-18,30,11.61,Complete
AIFF,2023-10-18,10,10.18,Complete
ISPO,2023-10-17,20,5.24,Complete
NTBL,2023-10-17,35,6.75,Complete
IMTE,2023-10-17,10,2.93,Complete
PIXY,2023-10-16,24,0.29,Complete
SLNH,2023-10-16,25,68.13,Complete
AQB,2023-10-16,20,3.81,Complete
MIND,2023-10-16,10,7.80,Complete
EMPD,2023-10-16,5,36.42,Complete
JCSE,2023-10-16,3,1.81,Complete
MSPR,2023-10-13,25,13.47,Complete
TTOO,2023-10-13,100,15.34,Complete
EDSA,2023-10-11,7,5.74,Complete
WORX,2023-10-11,15,15.75,Complete
AVX,2023-10-11,50,3.61,Complete
BRQS,2023-10-10,12,8.48,Complete
FBIO,2023-10-10,15,28.79,Complete
SPRU,2023-10-09,10,13.98,Complete
VVPR,2023-10-06,10,11.48,Complete
NITO,2023-10-06,7,1.47,Complete
SXTC,2023-10-05,25,114.24,Complete
AEMD,2023-10-05,10,0.74,Complete
VCSA,2023-10-02,20,9.95,Complete
SKIL,2023-10-02,20,4.74,Complete
AKA,2023-10-02,12,0.87,Complete
EBET,2023-10-02,30,14.96,Complete
UTRS,2023-10-02,20,1.05,Complete
NCTY,2023-10-02,10,8.91,Complete
TOPS,2023-09-29,12,1.51,Complete
CRIS,2023-09-29,20,12.92,Complete
FATH,2023-09-29,20,1.50,Complete
SPRC,2023-09-28,26,1.98,Complete
XWEL,2023-09-28,20,5.22,Complete
SYBX,2023-09-28,15,5.15,Complete
RBT,2023-09-27,8,33.51,Complete
VCNX,2023-09-26,15,1.63,Complete
FTK,2023-09-26,6,12.53,Complete
NGNE,2023-09-25,5,19.26,Complete
FAMI,2023-09-25,8,1.30,Complete
YYAI,2023-09-25,40,18.74,Complete
VINO,2023-09-25,10,0.57,Complete
EJH,2023-09-25,10,19.70,Complete
XTKG,2023-09-22,8,97.26,Complete
PRPO,2023-09-22,20,1.64,Complete
CPTN,2023-09-22,10,2.78,Complete
NTRP,2023-09-22,20,7.45,Complete
SOND,2023-09-21,20,11.26,Complete
PYPD,2023-09-21,30,12.00,Complete
SOGP,2023-09-20,10,3.66,Complete
MYSE,2023-09-20,10,3.99,Complete
AXLA,2023-09-19,25,2.41,Complete
PHXM,2023-09-18,10,3.10,Complete
AEHL,2023-09-18,10,2.58,Complete
SBLX,2023-09-18,8,1.41,Complete
KXIN,2023-09-14,15,28.35,Complete
ASTR,2023-09-14,15,15.17,Complete
AVGR,2023-09-13,15,3.13,Complete
DNTH,2023-09-12,16,41.16,Complete
AMPE,2023-09-12,20,1.12,Complete
LFLY,2023-09-12,20,2.92,Complete
ASTI,2023-09-12,200,3.48,Complete
EFSH,2023-09-11,25,6.35,Complete
SLE,2023-09-11,20,6.06,Complete
NEPT,2023-09-08,40,4.52,Complete
SYRE,2023-09-08,25,70.29,Complete
BACK,2023-09-08,30,3.68,Complete
RVYL,2023-09-07,10,31.82,Complete
GROM,2023-09-07,20,9.02,Complete
WE,2023-09-05,40,12.63,Complete
HARP,2023-09-05,10,16.59,Complete
HLGN,2023-09-01,35,4.27,Complete
SONN,2023-09-01,22,6.74,Complete
SPIR,2023-08-31,8,20.49,Complete
ATLN,2023-08-31,40,28.49,Complete
EXPR,2023-08-30,20,3.62,Complete
DMS,2023-08-29,15,2.76,Complete
FFAI,2023-08-28,80,167.57,Complete
IDEX,2023-08-25,125,20.01,Complete
CLVR,2023-08-25,30,1.64,Complete
NIXX,2023-08-25,15,24.74,Complete
AMC,2023-08-24,10,510.95,Complete
BTCT,2023-08-24,20,9.50,Complete
SUNL,2023-08-23,20,2.57,Complete
MNTS,2023-08-23,50,24.04,Complete
TIVC,2023-08-23,100,1.74,Complete
DBGI,2023-08-22,25,6.33,Complete
SMX,2023-08-21,22,1.05,Complete
BQ,2023-08-21,3.33,3.41,Complete
VAPO,2023-08-18,8,5.74,Complete
WHLR,2023-08-18,10,0.69,Complete
ADTX,2023-08-18,40,0.56,Complete
AKTX,2023-08-17,20,21.15,Complete
HSDT,2023-08-17,50,73.74,Complete
WATT,2023-08-16,20,2.17,Complete
CRKN,2023-08-15,60,1.74,Complete
MTEM,2023-08-14,15,5.90,Complete
BINI,2023-08-11,9,12.48,Complete
SEGG,2023-08-10,20,4.82,Complete
CHAI,2023-08-09,100,3.10,Complete
YVR,2023-08-07,4,3.56,Complete
ADIL,2023-08-07,25,23.85,Complete
MOBQ,2023-08-07,15,8.92,Complete
BNGO,2023-08-07,10,10.17,Complete
DUO,2023-08-04,15,3.90,Complete
NCMI,2023-08-04,10,74.92,Complete
ULY,2023-08-04,15,2.12,Complete
SMFL,2023-08-02,3,7.09,Complete
BRSH,2023-08-01,25,100.96,Complete
MDVL,2023-08-01,50,0.50,Complete
TAOP,2023-08-01,10,0.98,Complete
THTX,2023-07-31,4,45.89,Complete
UPC,2023-07-28,6,0.56,Complete
OTRK,2023-07-28,6,8.95,Complete
KPLT,2023-07-28,25,2.91,Complete
IVF,2023-07-28,20,1.89,Complete
BIOL,2023-07-28,100,36.60,Complete
VIEW,2023-07-27,60,1.64,Complete
BNTC,2023-07-26,17,23.85,Complete
IMDX,2023-07-25,25,22.15,Complete
ABVC,2023-07-25,10,21.54,Complete
DXF,2023-07-25,10,1.36,Complete
BJDX,2023-07-24,20,4.06,Complete
QNRX,2023-07-18,12,0.59,Complete
SNMP,2023-07-18,30,2.06,Complete
SNAX,2023-07-15,15,5.82,Complete
LGHL,2023-07-13,50,0.50,Complete
DRUG,2023-07-13,5,4.41,Complete
AXDX,2023-07-12,10,15.32,Complete
OWLT,2023-07-10,14,20.63,Complete
JZXN,2023-07-10,18,20.18,Complete
GRCE,2023-07-10,6,9.09,Complete
AUID,2023-07-10,8,15.86,Complete
PDYN,2023-07-06,6,31.51,Complete
TLIS,2023-07-06,15,1.01,Complete
BFRI,2023-07-05,20,11.23,Complete
RYM,2023-07-05,20,1.30,Complete
XXII,2023-07-05,15,6.99,Complete
OGI,2023-07-05,4,101.44,Complete
BDRX,2023-07-05,80,0.62,Complete
WKEY,2023-07-05,2.5,5.02,Complete
PRFX,2023-07-03,10,3.90,Complete
BTCY,2023-07-03,6,26.10,Complete
AHI,2023-06-30,4,5.88,Complete
ATXG,2023-06-30,10,11.51,Complete
IKT,2023-06-30,6,160.94,Complete
DOMA,2023-06-30,25,6.70,Complete
EVLO,2023-06-30,20,10.93,Complete
ANY,2023-06-29,7,32.79,Complete
MRAI,2023-06-29,4,13.23,Complete
ALLR,2023-06-29,40,15.81,Complete
AREB,2023-06-27,25,6.12,Complete
SKLZ,2023-06-26,20,10.34,Complete
SHPW,2023-06-23,8,5.59,Complete
SCNX,2023-06-22,15,33.79,Complete
STCN,2023-06-22,9.33,2.14,Complete
CYPH,2023-06-21,10,34.60,Complete
BSFC,2023-06-21,20,7.89,Complete
EFOI,2023-06-20,7,3.62,Complete
YJ,2023-06-20,10,1.06,Complete
IZEA,2023-06-16,4,13.08,Complete
LOCL,2023-06-15,13,2.69,Complete
BOXL,2023-06-15,8,5.54,Complete
ATIP,2023-06-15,50,1.50,Complete
NBSE,2023-06-15,20,3.57,Complete
CELZ,2023-06-12,10,3.66,Complete
OPAD,2023-06-12,15,26.59,Complete
FNCH,2023-06-12,30,0.91,Complete
XTKG,2023-06-09,30,97.26,Complete
NXTT,2023-06-09,185,4.08,Complete
FLGC,2023-06-09,20,0.61,Complete
AUMN,2023-06-09,25,14.55,Complete
CNVS,2023-06-09,20,15.78,Complete
APRN,2023-06-08,12,5.41,Complete
UP,2023-06-08,10,108.15,Complete
SVRN,2023-06-08,20,10.13,Complete
BBLG,2023-06-07,30,1.79,Complete
GNLN,2023-06-07,10,1.39,Complete
VTGN,2023-06-07,30,39.43,Complete
APTO,2023-06-06,15,2.07,Complete
WPRT,2023-06-06,10,15.33,Complete
ACOR,2023-06-05,20,1.24,Complete
GROV,2023-06-05,5,15.76,Complete
LIXT,2023-06-05,10,5.69,Complete
ELTX,2023-06-02,10,15.08,Complete
VSTM,2023-06-01,12,75.29,Complete
CBUS,2023-06-01,5,45.39,Complete
PBLA,2023-06-01,30,4.85,Complete
TRKA,2023-06-01,25,15.77,Complete
AUVI,2023-05-31,5,4.75,Complete
BTOG,2023-05-30,30,88.61,Complete
ITRG,2023-05-26,2.5,167.90,Complete
HCTI,2023-05-26,10,7.25,Complete
LIQT,2023-05-26,8,4.36,Complete
LABP,2023-05-26,10,2.35,Complete
XWIN,2023-05-24,5,40.87,Complete
RIDE,2023-05-24,15,13.37,Complete
SEAC,2023-05-23,20,1.66,Complete
SGTX,2023-05-23,13,1.71,Complete
RNAZ,2023-05-23,20,0.92,Complete
NEUE,2023-05-22,80,5.03,Complete
DMK,2023-05-22,70,10.09,Complete
BRDS,2023-05-19,25,10.48,Complete
NISN,2023-05-18,10,3.46,Complete
GPUS,2023-05-18,300,342.48,Complete
BIOC,2023-05-17,30,2.62,Complete
SDIG,2023-05-16,10,16.37,Complete
GREE,2023-05-16,10,12.37,Complete
CYCN,2023-05-16,20,3.34,Complete
GLMD,2023-05-15,15,6.46,Complete
IFBD,2023-05-15,5,1.95,Complete
BLNE,2023-05-15,20,25.70,Complete
ROI,2023-05-15,30,32.55,Complete
RETO,2023-05-15,10,1.24,Complete
XBIO,2023-05-15,10,2.06,Complete
ALPP,2023-05-15,8,23.49,Complete
XELA,2023-05-15,200,27.74,Complete
AWH,2023-05-12,15,41.85,Complete
FRLN,2023-05-12,15,1.92,Complete
VERO,2023-05-12,15,1.74,Complete
LPCN,2023-05-12,17,5.25,Complete
BBIG,2023-05-11,20,12.45,Complete
HEPA,2023-05-11,20,11.62,Complete
TNXP,2023-05-10,6.25,11.78,Complete
GTE,2023-05-05,10,34.30,Complete
BINI,2023-05-04,25,12.48,Complete
MDRR,2023-05-04,8,0.43,Complete
WGS,2023-05-04,33,14.37,Complete
VISL,2023-05-01,20,2.11,Complete
PSTV,2023-05-01,15,134.10,Complete
ZEV,2023-04-28,20,4.60,Complete
IMPP,2023-04-28,15,23.06,Complete
NXXT,2023-04-27,8,29.32,Complete
SBET,2023-04-26,10,196.66,Complete
JXG,2023-04-26,10,1.01,Complete
CBUS,2023-04-25,10,45.39,Complete
ML,2023-04-25,30,5.67,Complete
YCBD,2023-04-25,45,8.90,Complete
BKTI,2023-04-24,5,3.11,Complete
POAI,2023-04-24,20,20.12,Complete
LGMK,2023-04-24,20,0.91,Complete
SMFL,2023-04-24,50,7.09,Complete
GRI,2023-04-24,30,3.27,Complete
FRSX,2023-04-21,6,3.51,Complete
OUST,2023-04-21,10,54.27,Complete
ASNS,2023-04-18,10,1.73,Complete
TONX,2023-04-18,40,57.31,Complete
FIEE,2023-04-17,25,1.17,Complete
LITS,2023-04-17,20,36.69,Complete
EJH,2023-04-14,10,19.70,Complete
ARVL,2023-04-14,50,7.00,Complete
LOGC,2023-04-12,30,25.06,Complete
VBIV,2023-04-12,30,27.58,Complete
GAME,2023-04-11,4,88.49,Complete
AGRX,2023-04-11,50,6.86,Complete
BLBX,2023-04-11,4,3.20,Complete
WTER,2023-04-05,15,10.52,Complete
ORBS,2023-04-04,50,26.55,Complete
MBIO,2023-04-04,15,7.23,Complete
BEST,2023-04-04,4,4.04,Complete
CHNR,2023-04-03,5,0.53,Complete
ENSC,2023-03-31,12,3.54,Complete
MCOM,2023-03-31,50,92.21,Complete
BPTS,2023-03-30,10,33.84,Complete
NOGN,2023-03-29,20,8.78,Complete
ALLR,2023-03-27,35,15.81,Complete
CREX,2023-03-27,3,6.79,Complete
BDRX,2023-03-27,5,0.62,Complete
FRGT,2023-03-24,10,5.90,Complete
CUEN,2023-03-24,13,2.33,Complete
RDHL,2023-03-23,40,4.48,Complete
PTIX,2023-03-23,4,1.86,Complete
IDAI,2023-03-23,5,4.77,Complete
VIA,2023-03-22,5,,Complete
BAOS,2023-03-22,6,0.90,Complete
LKCO,2023-03-22,30,6.71,Complete
CALC,2023-03-20,14,9.51,Complete
RAAS,2023-03-15,3,29.37,Complete
DRMA,2023-03-14,16,0.91,Complete
KRBP,2023-03-13,30,1.13,Complete
ASLN,2023-03-13,5,3.00,Complete
ORTX,2023-03-10,10,22.76,Complete
KLR,2023-03-09,3.5,8.53,Complete
AKAN,2023-03-09,10,0.73,Complete
CARM,2023-03-08,20,22.96,Complete
SFT,2023-03-08,10,16.31,Complete
CPHI,2023-03-06,10,4.70,Complete
HCDI,2023-03-06,20,2.21,Complete
IONM,2023-03-04,20,3.12,Complete
RKDA,2023-03-01,40,1.36,Complete
WINT,2023-02-24,50,33.71,Complete
RELI,2023-02-23,15,9.78,Complete
AMST,2023-02-22,12,3.32,Complete
GMBL,2023-02-22,100,1.15,Complete
SHIP,2023-02-16,10,16.37,Complete
CFRX,2023-02-15,80,3.63,Complete
ECOR,2023-02-15,15,6.48,Complete
ATNX,2023-02-15,20,8.27,Complete
CRBP,2023-02-14,30,18.44,Complete
APRE,2023-02-13,20,5.89,Complete
TOON,2023-02-13,10,58.20,Complete
VYNE,2023-02-13,18,32.72,Complete
COMS,2023-02-10,100,2.44,Complete
INBS,2023-02-10,20,9.43,Complete
GFAI,2023-02-10,40,19.95,Complete
SNGX,2023-02-10,15,10.54,Complete
MIGI,2023-02-09,6,0.97,Complete
CZOO,2023-02-09,20,2.53,Complete
NAOV,2023-02-09,20,1.09,Complete
DGLY,2023-02-08,20,1.90,Complete
LCI,2023-02-07,4,9.20,Complete
DYNT,2023-02-02,5,7.48,Complete
FTFT,2023-02-01,5,4.72,Complete
LMNL,2023-02-01,10,1.12,Complete
REVB,2023-02-01,35,5.92,Complete
REED,2023-01-27,50,4.23,Complete
DVLT,2023-01-27,100,241.66,Complete
MRKR,2023-01-27,10,13.86,Complete
EDBL,2023-01-26,30,5.13,Complete
SWVL,2023-01-26,25,5.56,Complete
PHIO,2023-01-26,12,11.34,Complete
CETX,2023-01-25,35,0.74,Complete
JAGX,2023-01-23,75,3.73,Complete
SIEN,2023-01-23,10,11.85,Complete
APM,2023-01-23,10,5.53,Complete
OGEN,2023-01-23,60,4.09,Complete
CNET,2023-01-20,5,2.57,Complete
ACGN,2023-01-18,17,3.59,Complete
JFU,2023-01-18,20,4.56,Complete
EAR,2023-01-18,20,4.70,Complete
ENTO,2023-01-18,7,3.30,Complete
PBLA,2023-01-13,40,4.85,Complete
GHSI,2023-01-09,50,1.27,Complete
ATHE,2023-01-09,10,17.77,Complete
CANF,2023-01-09,10,21.55,Complete
DAVE,2023-01-06,32,10.04,Complete
AYTU,2023-01-06,20,9.38,Complete
NXTP,2023-01-06,20,3.39,Complete
ALBT,2023-01-05,10,3.87,Complete
IPDN,2023-01-05,2,3.10,Complete
TENX,2023-01-05,20,5.73,Complete
OPGN,2023-01-05,20,2.23,Complete
OBLG,2023-01-04,15,3.18,Complete
BIOR,2023-01-03,25,2.96,Complete
HALL,2023-01-03,10,1.31,Complete
IRON,2022-12-30,10,32.47,Complete
CHRA,2022-12-30,10,2.00,Complete
IMG,2022-12-29,35,48.41,Complete
AEI,2022-12-28,20,3.71,Complete
HOFV,2022-12-27,22,4.42,Complete
SLAI,2022-12-23,10,17.82,Complete
KAL,2022-12-23,100,0.90,Complete
HIND,2022-12-23,50,4.60,Complete
MARK,2022-12-22,10,45.56,Complete
THMO,2022-12-22,45,3.51,Complete
TISI,2022-12-22,10,2.29,Complete
SVRN,2022-12-22,10,10.13,Complete
HTGM,2022-12-21,12,2.21,Complete
CEI,2022-12-21,50,226.48,Complete
SINT,2022-12-20,100,3.85,Complete
MDWD,2022-12-20,7,9.02,Complete
KA,2022-12-19,7,8.06,Complete
HEXO,2022-12-19,14,41.84,Complete
ETHZ,2022-12-19,20,19.23,Complete
BBLN,2022-12-16,25,22.41,Complete
NH,2022-12-16,15,2.12,Complete
COSM,2022-12-16,25,28.47,Complete
COE,2022-12-15,4,2.31,Complete
BETS,2022-12-15,15,4.29,Complete
PHCF,2022-12-13,6,1.36,Complete
YDKG,2022-12-12,4,1.77,Complete
NUWE,2022-12-12,100,1.66,Complete
OCFT,2022-12-12,10,4.75,Complete
NDRA,2022-12-09,20,0.68,Complete
GROM,2022-12-09,30,9.02,Complete
UPH,2022-12-09,10,11.72,Complete
MYSZ,2022-12-09,25,3.67,Complete
BIMI,2022-12-09,10,3.35,Complete
LCFY,2022-12-08,20,1.43,Complete
IMV,2022-12-08,10,11.68,Complete
CKPT,2022-12-06,10,82.24,Complete
ASTC,2022-12-05,30,1.62,Complete
DRRX,2022-12-05,10,28.83,Complete
ELOX,2022-12-02,40,2.76,Complete
PTPI,2022-12-01,10,42.32,Complete
BXRX,2022-12-01,40,10.68,Complete
TUEM,2022-12-01,30,3.99,Complete
FUV,2022-11-30,20,11.99,Complete
CNSP,2022-11-29,10,0.62,Complete
SECO,2022-11-28,10,5.07,Complete
XIN,2022-11-28,10,4.31,Complete
SCNI,2022-11-25,10,3.47,Complete
CHEK,2022-11-25,20,4.38,Complete
SPCB,2022-11-23,10,4.64,Complete
AIXC,2022-11-23,10,5.16,Complete
EBON,2022-11-22,30,4.72,Complete
AMTD,2022-11-22,2,33.21,Complete
ASAP,2022-11-21,20,13.13,Complete
GMVD,2022-11-21,35,7.41,Complete
TCBP,2022-11-21,50,0.51,Complete
GOCO,2022-11-18,15,14.16,Complete
IMCC,2022-11-17,10,5.39,Complete
PALI,2022-11-16,50,180.54,Complete
SNES,2022-11-16,20,5.22,Complete
TIRX,2022-11-16,5,5.60,Complete
NBY,2022-11-15,35,6.01,Complete
PSHG,2022-11-15,15,12.43,Complete
AMBR,2022-11-14,10,15.12,Complete
XYLO,2022-11-14,15,0.81,Complete
HURA,2022-11-14,50,30.02,Complete
RNTX,2022-11-11,20,24.13,Complete
TRVN,2022-11-10,25,0.86,Complete
CFMS,2022-11-10,25,7.82,Complete
MSGM,2022-11-10,10,2.40,Complete
VS,2022-11-09,15,1.74,Complete
ONCS,2022-11-09,22,5.50,Complete
TMBR,2022-11-09,50,3.07,Complete
GDC,2022-11-09,30,17.01,Complete
ABTC,2022-11-08,20,192.17,Complete
ALAR,2022-11-08,10,6.92,Complete
AMPE,2022-11-08,15,1.12,Complete
FRES,2022-11-04,20,3.48,Complete
TANH,2022-11-04,24,1.80,Complete
VINO,2022-11-04,12,0.57,Complete
DBGI,2022-11-04,100,6.33,Complete
QTNT,2022-11-03,40,3.31,Complete
VYNT,2022-11-02,5,5.80,Complete
SLDB,2022-10-28,15,84.94,Complete
ENSC,2022-10-28,20,3.54,Complete
UXIN,2022-10-28,10,3.76,Complete
HOTH,2022-10-26,25,15.45,Complete
CYTO,2022-10-25,20,8.77,Complete
TLPH,2022-10-25,20,37.89,Complete
KALA,2022-10-20,50,7.65,Complete
UBX,2022-10-19,10,16.92,Complete
RYM,2022-10-18,10,1.30,Complete
AIRI,2022-10-18,10,3.45,Complete
SLRX,2022-10-17,25,5.42,Complete
ERNA,2022-10-17,20,6.59,Complete
NMTR,2022-10-17,20,12.72,Complete
MF,2022-10-17,30,5.67,Complete
MYND,2022-10-14,20,8.00,Complete
TTOO,2022-10-13,50,15.34,Complete
PAVS,2022-10-11,20,66.72,Complete
COCP,2022-10-11,12,9.02,Complete
IBIO,2022-10-10,25,22.23,Complete
XTIA,2022-10-07,75,32.77,Complete
QNGY,2022-10-06,25,13.23,Complete
EJH,2022-10-04,20,19.70,Complete
VTAK,2022-10-03,50,1.65,Complete
AVCT,2022-09-30,15,29.54,Complete
KPRX,2022-09-27,40,3.60,Complete
BDRX,2022-09-26,5,0.62,Complete
ZNB,2022-09-26,40,10.36,Complete
CWBR,2022-09-23,30,2.83,Complete
ATXI,2022-09-23,15,2.90,Complete
TOPS,2022-09-23,20,1.51,Complete
SONN,2022-09-19,14,6.74,Complete
SYRS,2022-09-16,10,24.15,Complete
LSTA,2022-09-15,15,6.93,Complete
NBRV,2022-09-15,25,3.20,Complete
ADTX,2022-09-14,50,0.56,Complete
MTVA,2022-09-13,30,4.66,Complete
IFBD,2022-09-08,5,1.95,Complete
INM,2022-09-07,25,3.16,Complete
CMCM,2022-09-02,5,9.16,Complete
PIXY,2022-09-01,100,0.29,Complete
PTN,2022-08-31,25,3.39,Complete
MNMD,2022-08-29,15,96.83,Complete
ATHX,2022-08-29,25,61.00,Complete
ENTO,2022-08-26,30,3.30,Complete
RIBT,2022-08-26,10,8.82,Complete
SLNO,2022-08-26,15,46.04,Complete
BEDU,2022-08-19,4,6.41,Complete
VANI,2022-08-19,3,26.81,Complete
ITRM,2022-08-18,15,52.38,Complete
BYU,2022-08-17,5,32.14,Complete
ROOT,2022-08-15,18,8.96,Complete
QH,2022-08-12,10,0.99,Complete
SNTG,2022-08-11,5,1.06,Complete
ARTL,2022-08-10,15,1.88,Complete
GNLN,2022-08-10,20,1.39,Complete
USWS,2022-08-04,6,11.11,Complete
QNRX,2022-08-01,13,0.59,Complete
GRNQ,2022-07-28,10,4.95,Complete
MUX,2022-07-28,10,46.11,Complete
XELA,2022-07-26,20,27.74,Complete
MOTS,2022-07-26,20,6.84,Complete
SNDL,2022-07-26,10,257.40,Complete
TOVX,2022-07-25,10,33.73,Complete
GPL,2022-07-25,10,47.14,Complete
CSCI,2022-07-21,25,3.15,Complete
CLRB,2022-07-21,10,4.13,Complete
ENVB,2022-07-15,50,0.59,Complete
MTC,2022-07-13,10,25.11,Complete
ITP,2022-07-08,10,16.42,Complete
AVTX,2022-07-07,12,18.13,Complete
SOS,2022-07-06,50,7.39,Complete
FRTX,2022-07-05,45,4.18,Complete
ABEO,2022-07-05,25,51.97,Complete
XCUR,2022-06-30,30,2.19,Complete
WMC,2022-06-30,10,5.36,Complete
RGLS,2022-06-29,10,68.13,Complete
STAF,2022-06-29,10,1.49,Complete
UTSI,2022-06-29,4,3.10,Complete
BRQS,2022-06-27,16,8.48,Complete
NERV,2022-06-21,8,4.09,Complete
FEDU,2022-06-21,20,0.46,Complete
PEI,2022-06-16,15,5.19,Complete
CALA,2022-06-15,20,4.61,Complete
PETZ,2022-06-14,20,6.38,Complete
NEPT,2022-06-13,35,4.52,Complete
NAAS,2022-06-10,5,0.99,Complete
DOMH,2022-06-07,17,11.28,Complete
DUO,2022-06-07,15,3.90,Complete
ADXS,2022-06-06,80,42.57,Complete
HSTO,2022-06-03,20,4.12,Complete
BQ,2022-06-03,8,3.41,Complete
CASI,2022-06-02,10,16.37,Complete
FAMI,2022-05-31,25,1.30,Complete
BHAT,2022-05-26,10,4.89,Complete
BAOS,2022-05-25,3,0.90,Complete
MKD,2022-05-23,15,8.84,Complete
EVOK,2022-05-23,12,1.54,Complete
FENG,2022-05-23,6,4.78,Complete
LEJU,2022-05-20,10,1.90,Complete
BEST,2022-05-20,5,4.04,Complete
SXTC,2022-05-19,20,114.24,Complete
TNXP,2022-05-17,32,11.78,Complete
PTE,2022-05-17,25,7.18,Complete
SRGA,2022-05-17,30,8.82,Complete
PT,2022-05-16,5,7.14,Complete
RMTI,2022-05-13,11,38.75,Complete
PXS,2022-05-13,4,6.04,Complete
CTK,2022-05-09,13,6.30,Complete
TXMD,2022-05-09,50,8.44,Complete
EVFM,2022-05-06,15,62.05,Complete
BTCT,2022-05-06,30,9.50,Complete
BIOL,2022-04-29,25,36.60,Complete
NVCN,2022-04-29,25,2.74,Complete
AGRX,2022-04-27,40,6.86,Complete
NVIV,2022-04-26,25,3.04,Complete
TBLT,2022-04-25,150,1.32,Complete
UK,2022-04-22,20,2.07,Complete
CRVO,2022-04-18,50,4.88,Complete
ZSAN,2022-04-12,35,4.82,Complete
RDGT,2022-04-07,12,3.60,Complete
AIHS,2022-04-06,10,5.45,Complete
SUNE,2022-03-21,4,3.41,Complete
MOGU,2022-03-18,12,1.90,Complete
AVGR,2022-03-14,20,3.13,Complete
XHG,2022-03-07,5,1.57,Complete
IMNN,2022-03-01,15,3.05,Complete
PULM,2022-03-01,20,3.63,Complete
TANH,2022-02-28,10,1.80,Complete
GECC,2022-02-28,6,9.79,Complete
BXRX,2022-02-16,35,10.68,Complete
FRGT,2022-02-15,2,5.90,Complete
CYRN,2022-02-09,20,6.32,Complete
BIMI,2022-02-03,5,3.35,Complete
WEI,2022-01-25,5,6.80,Complete
CENN,2021-12-22,15,79.18,Complete
BORR,2021-12-14,2,268.42,Complete
QTT,2021-12-10,10,15.95,Complete
IDR,2021-12-06,14,15.34,Complete
YQ,2021-11-17,4,5.91,Complete
LGMK,2021-10-15,10,0.91,Complete
USWS,2021-10-01,4,11.11,Complete
QNRX,2021-09-24,4,0.59,Complete
SONM,2021-09-15,10,0.84,Complete
ENTO,2021-09-13,10,3.30,Complete
JAGX,2021-09-08,3,3.73,Complete
GRCE,2021-08-31,8,9.09,Complete
ZBAI,2021-08-30,5,0.69,Complete
WHWK,2021-08-27,15,34.71,Complete
ATXS,2021-08-20,6,56.82,Complete
SBET,2021-07-27,2,196.66,Complete
INDP,2021-07-26,4,1.11,Complete
MITT,2021-07-23,3,30.67,Complete
AHT,2021-07-16,10,6.30,Complete
STAF,2021-07-01,6,1.49,Complete
TPST,2021-06-28,15,5.61,Complete
MMAT,2021-06-27,2,6.38,Complete
HIND,2021-06-14,3,4.60,Complete
DALN,2021-06-08,4,4.69,Complete
CTRM,2021-05-28,10,9.65,Complete
NOVN,2021-05-25,10,27.90,Complete
TRAW,2021-05-20,15,6.95,Complete
ASRT,2021-05-18,4,93.62,Complete
LMFA,2021-05-06,5,11.29,Complete
PALI,2021-04-28,6,180.54,Complete
NSPR,2021-04-27,15,48.13,Complete
QCLS,2021-04-18,2,4.15,Complete
ERNA,2021-03-25,2,6.59,Complete
CMMB,2021-03-17,16,5.49,Complete
LEE,2021-03-15,10,5.05,Complete
GHSI,2021-03-01,6,1.27,Complete
VIRX,2021-02-24,4,38.68,Complete
SXTC,2021-02-22,4,114.24,Complete
VYNE,2021-02-12,4,32.72,Complete
MBRX,2021-02-01,6,50.81,Complete
NVOS,2021-02-01,10,18.41,Complete
XELA,2021-01-25,3,27.74,Complete
LDWY,2021-01-04,7,0.51,Complete
ACOR,2020-12-31,6,1.24,Complete
HSDT,2020-12-31,35,73.74,Complete
ENVB,2020-12-31,4,0.59,Complete
ZVRA,2020-12-31,16,55.88,Complete
SNDA,2020-12-14,15,5.13,Complete
SCPX,2020-12-10,7,61.12,Complete
EYPT,2020-12-09,10,82.23,Complete
AYTU,2020-12-09,10,9.38,Complete
NBRV,2020-12-03,10,3.20,Complete
BTTC,2020-12-01,30,2.44,Complete
VIVE,2020-12-01,10,10.72,Complete
NCSM,2020-12-01,20,0.83,Complete
LIXT,2020-11-30,6,5.69,Complete
NVNO,2020-11-30,25,20.08,Complete
DLPN,2020-11-25,5,11.84,Complete
HTGM,2020-11-23,15,2.21,Complete
ENSV,2020-11-23,15,46.98,Complete
UAN,2020-11-23,10,,Complete
FSTX,2020-11-20,4,19.55,Complete
XYF,2020-11-19,3,13.05,Complete
BKYI,2020-11-19,8,10.81,Complete
VTAK,2020-11-17,25,1.65,Complete
VRDN,2020-11-13,15,95.41,Complete
JILL,2020-11-10,5,7.13,Complete
COGT,2020-11-09,4,173.78,Complete
FET,2020-11-09,20,10.76,Complete
WYY,2020-11-09,10,8.36,Complete
MDLY,2020-11-02,10,,Complete
PSHG,2020-11-02,10,12.43,Complete
HPR,2020-10-30,50,,Complete
JP,2020-10-30,8,20.20,Complete
FRGT,2020-10-29,5,5.90,Complete
INDP,2020-10-29,20,1.11,Complete
NEGG,2020-10-26,8,0.96,Complete
TC,2020-10-22,4,0.11,Complete
GLBS,2020-10-21,100,15.37,Complete
NUWE,2020-10-19,30,1.66,Complete
AXAS,2020-10-19,20,6.50,Complete
NCTY,2020-10-19,10,8.91,Complete
ELDN,2020-10-06,18,92.33,Complete
KDNY,2020-10-02,5,71.77,Complete
JE,2020-09-29,33,,Complete
MRNS,2020-09-23,4,54.41,Complete
NOG,2020-09-21,10,,Complete
ACET,2020-09-15,7,162.85,Complete
SCON,2020-09-10,10,,Complete
BIOC,2020-09-08,10,2.62,Complete
AEHL,2020-09-03,3,2.58,Complete
VIRX,2020-09-03,10,38.68,Complete
GGE,2020-09-02,2,128.09,Complete
WLL,2020-09-02,75,,Complete
APEX,2020-09-02,10,,Complete
BETS,2020-08-27,10,4.29,Complete
LRFC,2020-08-24,6,,Complete
PPBT,2020-08-21,10,8.75,Complete
VIVS,2020-08-19,20,2.58,Complete
SISI,2020-08-17,9,0.45,Complete
IPI,2020-08-14,10,13.13,Complete
ONIT,2020-08-14,15,7.43,Complete
VJET,2020-08-14,5,8.04,Complete
ATNM,2020-08-11,30,31.01,Complete
TOPS,2020-08-10,25,1.51,Complete
HUSA,2020-08-03,13,6.03,Complete
VISL,2020-08-03,6,2.11,Complete
ACHV,2020-07-31,20,50.20,Complete
TAOP,2020-07-30,6,0.98,Complete
KLXE,2020-07-28,5,15.18,Complete
PFX,2020-07-27,20,1.60,Complete
SQBG,2020-07-27,40,,Complete
SCYX,2020-07-17,10,41.66,Complete
AHT,2020-07-16,10,6.30,Complete
JAKK,2020-07-10,10,10.94,Complete
SGLY,2020-07-07,5,4.29,Complete
SHIP,2020-06-30,16,16.37,Complete
SFUN,2020-06-19,10,,Complete
EFOI,2020-06-12,5,3.62,Complete
XWEL,2020-06-11,3,5.22,Complete
TLGT,2020-05-28,10,91.82,Complete
RAND,2020-05-22,9,1.18,Complete
RDNW,2020-05-20,20,17.27,Complete
CD,2020-05-19,2,22.87,Complete
FTSI,2020-05-12,20,9.62,Complete
DSS,2020-05-08,30,3.07,Complete
WINT,2020-04-29,3,33.71,Complete
CREG,2020-04-15,10,3.26,Complete
BGMS,2020-04-15,20,3.79,Complete
TBLT,2020-04-15,10,1.32,Complete
BNTC,2020-04-15,2,23.85,Complete
MCEP,2020-04-13,20,,Complete
DVLT,2020-04-09,20,241.66,Complete
APVO,2020-03-27,14,16.85,Complete
EKSO,2020-03-25,15,3.36,Complete
SUMR,2020-03-16,9,1.34,Complete
ICD,2020-03-12,20,13.92,Complete
BDRX,2020-03-03,5,0.62,Complete
NTRP,2020-02-27,10,7.45,Complete
AVEO,2020-02-20,10,34.68,Complete
NVIV,2020-02-12,30,3.04,Complete
BLPH,2020-02-10,15,9.85,Complete
SGBX,2020-02-06,20,5.36,Complete
BLCM,2020-02-06,10,9.72,Complete
SNES,2020-02-05,20,5.22,Complete
CFRX,2020-02-04,10,3.63,Complete
MYO,2020-01-31,30,36.20,Complete
GURE,2020-01-28,5,1.36,Complete
SRRA,2020-01-23,40,19.13,Complete
YTEN,2020-01-16,40,0.53,Complete
IDXG,2020-01-15,10,4.31,Complete
PHIO,2020-01-15,55,11.34,Complete
MTBL,2020-01-09,3,5.55,Complete
XTIA,2020-01-07,45,32.77,Complete
VANI,2020-01-06,8,26.81,Complete
JRJC,2020-01-06,10,0.00,Complete
USEG,2020-01-06,10,14.18,Complete
RCON,2019-12-27,5,9.03,Complete
DCTH,2019-12-24,700,31.89,Complete
QUIK,2019-12-24,14,16.61,Complete
XWIN,2019-12-23,5,40.87,Complete
CENN,2019-12-20,100,79.18,Complete
PLX,2019-12-20,10,74.72,Complete
ESEA,2019-12-19,8,3.34,Complete
PIXY,2019-12-16,40,0.29,Complete
IMBI,2019-12-12,10,26.47,Complete
ASXC,2019-12-12,13,267.29,Complete
CLSK,2019-12-11,10,245.92,Complete
ELYS,2019-12-09,8,31.91,Complete
FWP,2019-12-06,7,2.27,Complete
NMRD,2019-12-05,10,17.00,Complete
LODE,2019-11-29,5,50.15,Complete
SQNS,2019-11-29,4,15.44,Complete
